,County,Population With a Disability Ages 18-64,Population Ages 65+,Total APS Intakes,Total APS Completed Investigations,Validated APS Investigations,APS Clients Receiving Services,Intakes,Completed Investigation,Confirmed Investigations,Initial Intakes Alleging Abuse/Neglect,Child Abuse/ Neglect Reports Assigned for Investigation,CPS Workers Responsible for Intake or Investigation by Office Location*,Alleged Victims  of Child Abuse/  Neglect,Alleged Victims in Unconfirmed Investigations,Alleged Victims in Ruled Out Investigations*,Alleged Victims Provided Services**,Alleged Victims Not Provided Services**,Children Removed From Home***,Child  Population,Confirmed Victims of Child Abuse/ Neglect,Confirmed Victims of Child Abuse/ Neglect per 1000 Children,Total CPS Completed Investi-gations,Confirmed CPS Investi-gations,Percent Investigations Confirmed,Total Children Served in Fiscal Year 2004,Subsequently Confirmed Victims in Fiscal Years 2004 - 2009,Child Abuse/Neglect Related Fatalities,Child Abuse/Neglect Related Fatalities in Foster Care at Time*,Children in DFPS Legal Responsibility,Point of Prevalence**,Children Entering Subsitute- Care (Total Removals),Children in Substitute Care***,Children in Foster Care*,Unique Children*,Possessory CVS,TMC**,PMC: Not Free  for Adoption,PMC: Free  for Adoption,Adoption Finalized,DFPS Responsibility Terminated***,Paid Foster  Care Clients,Paid Foster  Expenditures*,Foster Homes,Foster/ Adoptive Homes*,Adoptive Homes**,Children Receiving Sub-Care Purchased Services,Expenditures For Sub-Care Purchased Services,Children in Substitute Care,Children Receiving In-home Purchased Services,Expenditures For InHome Purchased Services,Children Receiving In-home Services,Total,African American,Anglo,Hispanic,Native American,Other,Child Population Ages 0 - 13,Licensed Child Care Centers,Total Child Care Centers Capacity,Licensed Child Care Homes,Licensed Child Care Homes Capacity,Listed Family Homes,Registered Child Care Homes,Child Pop- ulation Age 0-17,Child Placing Agen-cies (CPA)**,Homes Verified by CPAs,General Resi-dential Opera-tions,Inde-pent Foster and Group Homes,Resi- dential Treat-ment Centers,Mater-nity Homes,Total Resi-dential,Total Resi- dential Capacity,STAR,CYD,SYSN,YRP,TOTAL,CBCAP,FSP,TFTS
0,ANDERSON,5039,7496,428,372,320,693,3,0,0,703,596,5,809,556,489,131,678,31,11504,228,19.8,459,133,29.0%,63,16,,,127,11.0,40,125,99,91,0,40,10,7,7,34,96,1081189,0,3,4,58,"$51,103.28",125,30,"$4,822.71",197,11504,2346,6998,2036,0,124,9065,9,1046,3,36,27,7,11504,0,24,1,0,0,0,25,133,115,0,0,0,115,,,
1,ANDREWS,1081,1837,35,35,30,30,0,0,0,172,146,1,196,109,93,51,145,8,3837,76,19.8,99,35,35.4%,28,12,1,0,29,7.6,14,25,10,23,0,14,0,1,1,8,11,115817,0,1,0,4,"$3,080.00",25,12,"$1,636.03",70,3837,61,1504,2229,8,35,3048,6,289,0,0,9,2,3837,0,3,0,0,0,0,3,11,8,0,0,0,8,,,
2,ANGELINA,6568,11218,545,478,351,407,247,237,34,1100,848,7,1070,914,738,116,954,17,22648,137,6.0,630,82,13.0%,62,12,1,0,118,5.2,22,113,86,84,0,23,9,11,12,39,82,983811,1,7,2,60,"$55,501.40",113,21,"$3,651.64",141,22648,3427,12341,6618,16,246,17695,33,3056,2,24,13,5,22648,3,27,0,0,0,0,30,88,127,0,14,0,141,,,
3,ARANSAS,2113,5822,169,150,99,75,0,0,0,351,334,0,497,315,261,178,319,20,5038,167,33.1,285,97,34.0%,39,7,1,0,65,12.9,27,56,45,56,0,30,0,5,12,20,45,441599,1,1,0,16,"$29,299.70",56,24,"$4,492.90",253,5038,98,2802,1877,12,249,3705,5,343,0,0,5,0,5038,0,8,0,0,0,0,8,33,95,0,0,0,95,,,
4,ARCHER,802,1310,62,50,42,40,1,1,0,62,48,0,68,62,47,6,62,0,2202,6,2.7,42,5,11.9%,1,0,,,2,0.9,0,2,2,2,0,0,0,0,0,2,2,7860,0,0,0,4,$264.00,2,2,$72.96,7,2202,8,1984,201,1,8,1588,5,248,1,12,2,2,2202,0,2,0,0,0,0,2,16,3,0,0,0,3,,,
5,ARMSTRONG,165,455,15,12,7,23,0,0,0,12,10,0,10,10,7,2,8,0,537,0,0.0,6,0,0.0%,0,0,,,1,1.9,0,1,0,1,0,0,0,0,1,0,0,0,0,0,0,1,"$5,000.00",1,0,$0.00,0,537,2,484,50,0,1,423,0,0,0,0,4,1,537,0,0,0,0,0,0,0,0,1,0,0,0,1,,,
6,ATASCOSA,3872,5191,179,144,89,92,0,3,0,663,556,4,742,545,497,164,578,29,13399,181,13.5,390,93,23.8%,95,18,1,0,155,11.6,32,150,82,123,0,34,8,25,33,33,82,1088317,0,2,1,15,"$19,759.71",150,35,"$4,754.49",229,13399,33,3906,9407,5,48,10083,14,862,2,24,15,4,13399,0,25,0,0,0,0,25,108,135,0,1,0,136,,,
7,AUSTIN,2336,4320,98,89,73,82,0,0,0,227,190,2,226,178,163,38,188,10,6760,42,6.2,134,29,21.6%,20,5,,,29,4.3,9,27,13,27,0,9,1,4,3,15,10,138786,0,1,3,19,"$8,132.25",27,3,"$1,561.35",76,6760,835,3724,2146,6,49,5124,10,802,1,12,10,6,6760,0,9,0,0,2,0,11,112,134,0,117,0,251,,,
8,BAILEY,523,1069,33,35,35,41,0,0,0,55,49,0,98,75,65,23,75,10,2182,18,8.2,50,12,24.0%,34,10,,,38,17.4,6,36,30,23,0,7,2,5,1,10,31,262599,0,2,0,0,$0.00,36,0,$0.00,35,2182,24,704,1450,0,4,1755,3,158,0,0,4,1,2182,0,10,0,0,0,0,10,40,10,0,0,0,10,,,
9,BANDERA,1858,3853,104,82,60,100,0,0,0,172,149,0,197,135,103,53,144,6,4277,57,13.3,114,30,26.3%,17,2,,,60,14.0,9,59,37,51,0,9,2,17,17,11,37,458231,0,4,1,20,"$14,609.13",59,0,$0.00,93,4277,26,3335,885,7,24,3103,5,392,0,0,1,0,4277,0,17,1,0,0,0,18,198,78,0,0,0,78,,,
10,BASTROP,7416,9066,242,183,88,63,0,0,0,885,690,7,1002,754,695,133,869,66,22312,213,9.5,586,134,22.9%,66,6,,,190,8.5,75,188,124,156,0,74,3,26,33,46,123,1722563,1,1,7,25,"$28,153.80",188,12,"$3,654.69",153,22312,2191,11435,8550,11,125,16815,43,3009,3,36,22,10,22312,0,41,1,0,0,0,42,169,179,0,86,0,265,,,
11,BAYLOR,309,1025,72,70,65,67,0,0,0,51,43,0,61,50,43,14,47,0,788,11,14.0,34,7,20.6%,11,5,,,10,12.7,3,10,7,8,0,3,2,2,0,4,7,39479,0,2,0,4,$594.00,10,0,$0.00,20,788,31,633,116,4,4,590,3,98,2,24,1,3,788,0,2,0,0,0,0,2,10,6,0,0,0,6,,,
12,BEE,2809,3799,136,111,90,113,1,1,0,437,409,5,583,342,287,222,361,33,7647,216,28.2,312,118,37.8%,189,53,,,80,10.5,40,81,56,63,0,42,4,1,7,15,56,599760,0,0,3,19,"$25,237.69",81,16,"$2,766.74",393,7647,175,1902,5512,13,45,6028,10,846,0,0,7,2,7647,0,16,1,0,0,0,17,194,79,0,0,0,79,,,
13,BELL,20801,22744,1440,1022,627,581,58,48,14,4396,3901,32,5062,4090,3879,679,4383,286,73969,850,11.5,3077,554,18.0%,594,129,10,0,907,12.3,346,874,533,770,2,365,23,96,115,281,516,5354868,5,32,13,178,"$162,954.69",874,47,"$9,714.56",1257,73969,19263,32630,18467,203,3406,60435,160,14350,21,247,105,127,73969,10,188,2,0,1,1,202,775,511,0,129,2,642,,,
14,BEXAR,129685,165268,8123,6668,4511,5220,898,715,71,21814,17906,141,24786,18222,15939,6194,18592,678,421591,5727,13.6,13964,3285,23.5%,3480,718,13,1,4579,10.9,1278,4501,3246,3273,0,1316,140,681,762,823,3182,43066746,14,79,70,1817,"$2,100,349.91",4501,745,"$110,679.41",10502,421591,31383,98967,280938,499,9804,330603,587,63672,41,492,383,497,421591,35,921,17,1,6,1,981,3924,1672,1068,252,233,3225,,,
15,BLANCO,903,1750,34,24,14,13,0,0,0,65,53,0,90,69,52,6,84,1,2215,16,7.2,50,9,18.0%,4,0,,,7,3.2,0,7,5,4,0,0,1,2,0,1,5,82983,0,0,2,8,"$2,254.00",7,0,$0.00,10,2215,15,1681,514,1,4,1671,3,147,0,0,3,1,2215,0,8,0,0,0,0,8,24,29,0,0,0,29,,,
16,BORDEN,60,192,1,1,1,0,0,0,0,0,0,0,0,0,0,0,0,0,118,0,0.0,0,0,0.0%,0,0,,,0,0.0,0,0,0,0,0,0,0,0,0,0,0,0,0,1,0,0,$0.00,0,0,$0.00,0,118,0,84,33,0,1,85,1,13,0,0,0,0,118,0,1,0,0,0,0,1,2,0,0,0,0,0,0,0,0
17,BOSQUE,1426,3886,84,60,40,44,0,0,0,142,129,0,219,173,167,18,201,1,4175,40,9.6,132,28,21.2%,19,5,,,18,4.3,6,18,11,11,0,6,3,0,3,1,10,98882,0,2,0,0,$0.00,18,1,$112.96,61,4175,103,2775,1285,2,10,3202,5,214,2,24,4,2,4175,0,6,0,0,0,0,6,17,84,0,0,0,84,,,
18,BOWIE,7760,13590,431,342,242,368,3,0,0,1166,1013,10,1582,1243,861,242,1340,79,21419,291,13.6,847,170,20.1%,143,16,,,204,9.5,74,202,128,158,0,81,11,18,13,80,130,1619168,3,16,3,134,"$91,945.68",202,80,"$10,891.24",303,21419,6666,13392,1098,33,230,16560,44,4255,3,36,50,11,21419,0,25,1,0,0,0,26,101,119,0,0,0,119,,,
19,BRAZORIA,25616,27988,612,456,270,256,27,29,1,2585,2196,19,2777,1985,1723,600,2177,78,79132,698,8.8,1667,438,26.3%,313,50,1,0,364,4.6,99,351,243,240,0,99,12,17,28,108,233,3313002,6,25,24,200,"$116,965.97",351,95,"$41,270.98",1047,79132,6992,41412,27872,167,2689,60605,149,16489,16,192,53,73,79132,1,144,3,1,5,0,154,805,406,0,149,0,555,,,
20,BRAZOS,13183,11816,345,279,193,189,28,25,5,1338,1191,10,1676,1222,921,196,1480,55,36515,398,10.9,971,237,24.4%,216,36,2,0,241,6.6,66,234,136,190,0,68,16,36,53,52,134,1708635,2,3,11,62,"$75,001.11",234,14,"$4,286.27",416,36515,5706,17334,11515,75,1885,29027,66,6270,13,153,46,36,36515,2,52,1,0,1,0,56,201,413,0,53,0,466,,,
21,BREWSTER,800,1521,80,46,40,62,0,0,0,84,74,0,88,65,48,19,69,0,1990,21,10.6,57,10,17.5%,21,12,,,10,5.0,0,10,7,5,0,0,0,0,3,2,7,144422,0,0,1,1,$300.00,10,4,$630.89,31,1990,19,691,1250,9,21,1571,6,403,1,12,8,0,1990,0,1,0,0,0,0,1,0,14,0,0,0,14,,,
22,BRISCOE,138,420,6,4,1,2,0,0,0,10,7,0,20,15,15,5,15,5,421,5,11.9,8,1,12.5%,0,0,,,6,14.3,5,6,1,6,0,5,0,0,0,1,1,12087,0,0,0,1,$54.00,6,0,$0.00,3,421,4,263,152,0,2,325,0,0,0,0,1,0,421,0,0,0,0,0,0,0,0,1,0,0,0,1,,,
23,BROOKS,679,1282,73,60,37,28,0,0,0,146,135,0,195,117,108,74,121,7,2528,75,29.7,103,32,31.1%,61,17,,,42,16.6,7,41,34,24,0,6,1,3,0,14,33,609318,0,0,0,21,"$9,240.14",41,9,"$1,452.20",135,2528,1,125,2400,0,2,1996,7,283,1,12,0,0,2528,0,0,0,0,0,0,0,0,21,0,0,0,21,,,
24,BROWN,2968,7167,298,278,202,132,11,8,2,625,553,4,825,549,496,229,596,60,9391,245,26.1,477,143,30.0%,94,38,,,175,18.6,52,174,117,146,0,52,1,31,46,28,118,1567867,0,10,0,163,"$136,751.73",174,15,"$2,622.36",259,9391,384,6297,2648,9,53,7323,17,1165,1,12,8,10,9391,7,77,1,0,0,0,85,384,108,0,57,0,165,,,
25,BURLESON,1480,3197,59,57,45,66,0,0,0,173,153,2,207,145,120,31,176,10,4548,59,13.0,129,34,26.4%,25,7,1,0,42,9.2,10,43,15,30,0,10,0,3,8,11,15,215898,0,2,2,1,$22.75,43,1,$22.75,41,4548,915,2434,1174,2,23,3562,5,283,1,12,9,2,4548,0,5,0,0,0,0,5,9,37,0,0,0,37,,,
26,BURNET,3489,8396,158,104,71,70,1,0,0,468,408,5,504,362,329,83,421,25,9260,136,14.7,305,82,26.9%,100,22,1,0,113,12.2,32,114,72,94,0,32,10,14,34,20,65,899842,1,1,0,44,"$12,929.60",114,6,"$3,576.63",130,9260,123,6349,2723,10,55,7081,22,1610,3,36,5,2,9260,0,18,0,0,0,0,18,72,100,0,74,0,174,,,
27,CALDWELL,3219,4473,124,101,63,35,0,0,0,592,462,2,626,472,420,94,532,37,10356,144,13.9,395,88,22.3%,61,14,2,0,150,14.5,34,147,94,118,0,37,2,27,31,36,93,1453678,1,1,5,21,"$20,390.85",147,6,"$2,139.98",143,10356,1053,3782,5439,3,79,8049,16,846,1,12,11,1,10356,0,38,0,0,1,0,39,308,128,0,6,0,134,,,
28,CALHOUN,1706,3161,52,42,22,30,0,0,0,238,192,2,256,207,164,52,204,0,5937,43,7.2,153,28,18.3%,21,7,,,19,3.2,0,19,11,10,0,0,0,1,6,3,11,286942,0,7,1,7,"$2,082.98",19,6,"$1,457.20",82,5937,121,2281,3363,4,168,4604,13,911,1,12,3,1,5937,0,14,0,0,0,0,14,46,113,0,0,0,113,,,
29,CALLAHAN,1070,2592,120,105,79,75,0,0,0,156,138,0,162,116,98,44,118,3,3101,37,11.9,86,22,25.6%,42,8,,,21,6.8,8,18,15,13,0,8,2,1,0,6,15,179309,0,2,1,7,"$7,053.35",18,2,$195.18,72,3101,17,2774,288,5,17,2320,4,125,1,12,8,2,3101,0,9,0,0,0,0,9,39,12,0,1,0,13,,,
30,CAMERON,30235,45640,1488,1188,786,804,278,257,20,4868,4372,27,6786,4352,3616,1949,4837,144,132382,2205,16.7,3652,1143,31.3%,1066,256,4,0,552,4.2,226,542,459,442,0,228,54,30,32,138,457,5101570,10,9,6,241,"$211,946.78",542,193,"$12,899.40",3014,132382,306,8727,122367,50,932,105977,176,12714,28,333,34,36,132382,6,158,5,0,0,0,169,1210,649,2175,244,0,3068,,,
31,CAMP,1037,2431,66,51,40,38,0,0,0,168,132,0,190,107,94,61,129,14,3362,71,21.1,110,42,38.2%,21,6,,,60,17.8,24,58,27,53,0,22,7,1,2,26,28,304834,0,2,2,23,"$25,850.14",58,4,"$1,417.23",96,3362,560,1659,1127,2,14,2554,4,402,1,12,9,0,3362,0,9,0,0,0,0,9,20,5,0,0,0,5,,,
32,CARSON,526,1062,18,20,16,19,0,0,0,53,48,0,71,52,49,6,65,4,1485,19,12.8,48,12,25.0%,5,0,,,14,9.4,4,15,9,12,0,4,0,0,4,4,8,111351,1,1,0,1,$65.00,15,3,$195.00,4,1485,19,1342,120,1,3,1125,0,0,0,0,2,3,1485,0,2,0,0,0,0,2,5,2,0,0,0,2,,,
33,CASS,2388,5883,175,163,105,140,1,0,0,371,323,4,434,366,260,92,342,29,6624,62,9.4,265,38,14.3%,67,12,1,0,88,13.3,30,84,38,72,0,41,6,12,3,36,39,486283,0,8,2,23,"$26,286.05",84,81,"$8,603.90",118,6624,1761,4609,193,15,46,5041,10,678,3,34,15,1,6624,0,10,0,0,0,0,10,34,19,0,0,0,19,,,
34,CASTRO,670,1225,20,12,10,9,0,0,0,73,63,0,88,54,48,26,62,0,2649,33,12.5,48,15,31.3%,31,3,,,14,5.3,1,13,14,2,0,0,0,0,0,2,17,223543,1,11,0,0,$0.00,13,0,$0.00,55,2649,72,740,1829,4,4,2093,1,55,0,0,6,3,2649,0,16,0,0,0,0,16,63,37,0,0,0,37,,,
35,CHAMBERS,2890,3264,65,67,43,36,0,0,0,253,213,0,299,232,207,79,220,14,8654,63,7.3,165,34,20.6%,31,11,,,39,4.5,17,40,23,29,0,17,2,3,3,9,22,256627,0,5,1,21,"$15,085.99",40,4,"$2,910.18",87,8654,936,6050,1577,11,80,6216,11,1010,4,48,6,7,8654,0,6,0,0,0,0,6,11,30,0,1,0,31,,,
36,CHEROKEE,3878,7543,539,471,356,480,539,540,41,684,577,4,789,607,534,120,669,21,12774,170,13.3,466,80,17.2%,89,14,1,0,97,7.6,41,87,63,86,0,41,0,14,12,24,60,583667,0,4,0,39,"$45,175.41",87,20,"$3,605.39",238,12774,2074,7009,3622,7,62,9820,15,1081,1,12,20,2,12774,0,27,0,0,0,0,27,95,216,0,0,0,216,,,
37,CHILDRESS,600,1183,71,52,47,85,0,0,0,69,65,1,83,71,61,9,74,2,1759,11,6.3,58,8,13.8%,4,0,,,25,14.2,0,22,17,16,0,10,0,5,1,5,17,271418,1,1,0,2,$650.00,22,0,$0.00,33,1759,167,1031,556,1,4,1341,4,145,2,24,8,4,1759,0,2,0,0,0,0,2,6,7,0,0,0,7,,,
38,CLAY,947,2028,85,76,68,62,0,0,0,81,63,0,115,77,68,14,101,3,2377,31,13.0,68,19,27.9%,13,4,,,17,7.2,3,18,15,12,0,3,7,0,1,1,15,275797,0,3,0,0,$0.00,18,8,$408.88,28,2377,14,2199,138,10,16,1709,5,219,1,12,1,2,2377,0,11,0,0,0,0,11,43,8,0,2,0,10,,,
39,COCHRAN,301,713,45,47,44,69,0,0,0,26,19,0,26,21,16,5,21,1,1072,5,4.7,16,2,12.5%,0,0,,,10,9.3,1,7,5,8,0,1,1,1,0,6,6,84309,0,0,0,1,$15.00,7,0,$0.00,23,1072,49,367,655,0,1,847,1,16,0,0,0,1,1072,0,0,1,0,0,0,1,81,7,0,0,0,7,,,
40,COKE,279,1021,32,21,18,8,0,0,0,24,21,0,43,35,28,10,33,0,798,7,8.8,23,5,21.7%,5,0,,,1,1.3,1,2,1,0,0,0,0,0,0,0,1,39,0,0,0,0,$0.00,2,0,$0.00,9,798,0,505,288,2,3,606,2,29,0,0,0,0,798,0,1,0,0,0,0,1,3,1,0,23,0,24,,,
41,COLEMAN,682,1970,94,70,55,37,0,0,0,130,117,1,168,81,79,58,110,16,2160,85,39.4,97,46,47.4%,19,6,,,49,22.7,19,47,41,34,0,19,1,7,2,10,41,544118,0,0,0,13,"$9,369.30",47,4,$136.44,89,2160,51,1612,492,0,5,1695,1,40,5,60,5,3,2160,0,8,0,0,0,0,8,33,22,0,0,0,22,,,
42,COLLIN,70448,51294,753,571,423,293,26,26,2,4695,3789,37,4490,3142,2103,935,3555,99,205478,1220,5.9,2713,710,26.2%,376,74,6,0,465,2.3,113,436,331,370,0,115,6,53,88,158,325,4132460,7,26,15,309,"$163,625.36",436,76,"$21,248.00",1544,205478,11750,140548,34869,671,17640,153257,304,43488,82,960,192,241,205478,3,198,2,0,0,0,203,530,638,0,293,90,1021,,,
43,COLLINGSWORTH,238,683,33,27,21,32,0,0,0,45,41,1,48,34,28,14,34,4,685,10,14.6,36,8,22.2%,11,1,,,9,13.1,4,9,2,7,0,4,0,0,3,0,3,23370,0,0,0,0,$0.00,9,1,$429.38,31,685,36,356,281,6,6,507,1,68,1,12,2,2,685,0,0,0,0,0,0,0,0,5,0,0,0,5,,,
44,COLORADO,1760,4243,82,60,51,87,0,0,0,161,133,1,157,131,115,25,132,3,5261,24,4.6,96,20,20.8%,26,10,,,19,3.6,3,18,15,17,0,4,0,4,5,7,14,204769,0,1,2,10,"$6,206.53",18,0,$0.00,57,5261,1018,2338,1876,2,27,4108,10,678,1,12,8,7,5261,0,6,0,0,0,0,6,13,72,0,35,0,107,,,
45,COMAL,9294,14918,365,275,177,175,1,1,0,1192,932,8,1008,659,593,298,710,70,23058,325,14.1,591,178,30.1%,123,16,,,154,6.7,75,152,78,122,0,77,0,13,23,21,77,818877,1,10,3,23,"$20,233.22",152,22,"$9,642.57",402,23058,355,15075,7440,17,171,16959,41,3902,8,93,22,19,23058,0,45,4,0,1,0,50,282,486,0,9,37,532,,,
46,COMANCHE,1042,2983,93,78,67,35,0,0,0,157,136,0,168,124,120,39,129,1,3288,32,9.7,101,19,18.8%,40,14,,,19,5.8,1,18,15,17,0,1,5,6,1,4,15,245905,2,3,0,13,"$3,108.36",18,1,$27.00,35,3288,4,1976,1302,1,5,2529,4,159,6,72,5,1,3288,0,11,0,0,0,0,11,39,79,0,0,0,79,,,
47,CONCHO,374,656,18,24,24,32,0,0,0,30,28,0,43,23,21,5,38,1,525,15,28.6,27,10,37.0%,8,5,,,9,17.1,1,9,7,8,0,1,0,0,2,5,8,126345,0,0,1,1,$815.00,9,0,$0.00,26,525,1,321,202,0,1,393,2,85,0,0,0,1,525,0,2,0,0,0,0,2,4,4,0,0,0,4,,,
48,COOKE,3147,6560,157,116,59,54,0,0,0,428,391,5,537,422,308,73,464,8,9833,105,10.7,319,67,21.0%,48,13,,,76,7.7,22,66,47,61,0,22,0,5,10,24,47,534898,0,0,2,42,"$21,872.54",66,1,$282.75,137,9833,400,7147,2165,36,85,7497,7,503,10,120,10,14,9833,0,2,0,0,0,0,2,0,20,0,24,0,44,,,
49,CORYELL,6027,4942,235,200,147,219,1,1,0,987,867,7,1135,881,840,166,969,62,17576,225,12.8,689,136,19.7%,90,18,2,0,174,9.9,62,160,96,142,0,68,8,19,13,64,97,1041635,0,11,3,16,"$16,279.30",160,6,"$2,048.41",262,17576,3921,9609,3317,72,657,13471,30,2600,2,24,12,11,17576,0,41,0,0,0,0,41,166,111,0,34,0,145,,,
50,COTTLE,140,470,18,17,10,9,0,0,0,9,7,0,15,14,11,1,14,0,396,1,2.5,6,1,16.7%,7,5,,,2,5.1,1,3,3,2,0,1,0,0,0,1,3,52020,0,0,0,1,"$2,303.95",3,0,$0.00,2,396,67,173,152,0,4,298,1,34,0,0,0,0,396,0,0,0,0,0,0,0,0,1,0,0,0,1,,,
51,CRANE,352,635,11,12,10,11,0,0,0,37,29,0,42,35,28,12,30,1,1119,4,3.6,26,4,15.4%,5,3,,,1,0.9,1,1,1,1,0,1,0,1,0,0,1,7182,0,0,0,1,$770.00,1,0,$0.00,17,1119,28,408,680,0,3,857,1,40,0,0,2,0,1119,0,0,0,0,0,0,0,0,4,0,0,0,4,,,
52,CROCKETT,366,756,8,7,4,0,0,0,0,41,39,0,62,39,38,15,47,2,1048,12,11.5,29,9,31.0%,1,0,,,14,13.4,2,11,9,9,0,2,0,3,0,4,9,159598,0,0,0,1,$370.00,11,1,$36.48,30,1048,2,297,748,0,1,802,2,80,1,12,1,0,1048,0,0,0,0,0,0,0,0,8,0,2,6,16,,,
53,CROSBY,552,1221,58,53,50,64,0,0,0,118,104,0,191,87,71,60,131,17,2116,99,46.8,88,37,42.0%,9,3,,,32,15.1,19,33,23,23,0,20,0,1,0,3,24,291602,0,1,1,0,$0.00,33,0,$0.00,63,2116,72,636,1402,0,6,1624,1,0,0,0,1,1,2116,0,3,0,0,0,0,3,6,46,0,0,0,46,,,
54,CULBERSON,260,549,13,12,8,9,0,0,0,40,35,0,41,35,28,10,31,0,832,5,6.0,27,4,14.8%,14,0,,,2,2.4,0,3,3,2,0,0,0,3,0,0,4,45343,0,0,0,0,$0.00,3,0,$0.00,14,832,7,120,702,0,3,629,1,59,0,0,0,0,832,0,0,0,0,0,0,0,0,13,0,14,0,27,,,
55,DALLAM,515,828,22,15,13,24,0,0,0,90,78,1,132,113,101,10,122,2,1890,19,10.1,78,11,14.1%,35,7,,,24,12.7,1,22,13,16,0,1,1,0,4,11,13,164299,0,2,0,1,$600.00,22,3,"$1,293.69",41,1890,21,1202,660,2,5,1443,2,228,1,12,3,1,1890,0,3,0,0,0,0,3,6,20,0,7,0,27,,,
56,DALLAS,190380,186118,6287,4848,2918,2210,175,166,24,22762,19420,163,23060,16441,12072,4320,18740,814,658483,5862,8.9,13560,3558,26.2%,2834,510,29,3,2992,4.5,1019,3006,2041,2250,34,1053,82,270,343,883,1957,26592187,12,109,58,1567,"$1,193,552.73",3006,230,"$82,846.17",6573,658483,133909,156282,334896,1776,31620,525451,769,88475,105,1253,734,711,658483,42,710,8,1,2,1,764,2695,1183,2114,388,348,4033,,,
57,DAWSON,1243,2162,141,135,118,120,0,0,0,192,173,1,218,133,108,54,164,5,3875,77,19.9,118,42,35.6%,30,7,,,17,4.4,6,17,10,13,0,7,0,1,5,0,10,232240,0,0,0,10,"$11,400.00",17,2,$54.00,77,3875,117,1211,2534,1,12,3083,3,315,4,48,11,1,3875,0,7,0,0,0,0,7,35,1,0,16,0,17,,,
58,DEAF SMITH,1476,2364,50,41,36,40,0,0,0,262,225,3,300,253,235,24,276,8,6487,42,6.5,170,23,13.5%,12,5,,,43,6.6,9,44,35,38,0,10,0,7,6,19,34,431041,0,3,0,7,"$2,712.50",44,5,"$1,322.23",56,6487,67,1590,4806,4,20,5161,6,468,0,0,20,2,6487,0,6,0,0,0,0,6,22,125,0,10,0,135,,,
59,DELTA,423,1045,31,27,16,23,0,0,0,48,39,0,43,39,32,2,41,0,1136,4,3.5,31,3,9.7%,3,2,,,18,15.8,8,18,16,14,0,5,4,0,0,8,16,144913,0,0,0,7,"$9,313.15",18,0,$0.00,13,1136,127,959,42,2,6,833,1,58,0,0,4,0,1136,0,4,0,0,0,0,4,11,17,0,0,0,17,,,
60,DENTON,60915,39100,891,577,306,278,411,397,35,4339,3658,35,4565,3601,2637,648,3917,109,173876,858,4.9,2877,542,18.8%,190,38,4,0,451,2.6,122,427,284,348,0,126,6,57,72,117,281,2989814,3,50,11,318,"$174,717.98",427,32,"$11,408.95",991,173876,13113,115561,35473,632,9097,134178,199,26525,70,840,192,209,173876,2,170,1,0,1,1,175,562,640,0,94,83,817,,,
61,DEWITT,1644,3912,103,74,49,47,0,0,0,228,174,3,226,188,176,23,203,5,4646,32,6.9,125,24,19.2%,51,7,,,38,8.2,5,31,27,19,0,5,0,1,2,12,26,567129,2,0,1,4,"$1,152.50",31,6,$470.40,37,4646,571,2081,1976,0,18,3619,6,295,2,24,1,2,4646,0,13,1,0,0,0,14,93,70,0,0,0,70,,,
62,DICKENS,222,752,33,24,21,25,0,0,0,46,41,0,80,39,34,10,70,2,448,39,87.1,38,17,44.7%,0,0,,,5,11.2,2,5,7,4,0,2,0,2,0,0,7,156275,0,0,0,0,$0.00,5,0,$0.00,21,448,14,288,146,0,0,343,0,0,0,0,1,2,448,0,0,0,0,0,0,0,0,6,0,0,0,6,,,
63,DIMMIT,868,1392,43,34,19,16,3,2,0,161,138,1,223,159,141,60,163,12,3177,57,17.9,108,27,25.0%,16,0,,,69,21.7,12,72,44,40,0,12,4,14,4,6,44,532210,0,1,0,4,"$1,152.50",72,9,$580.30,80,3177,22,245,2886,3,21,2409,5,304,0,0,6,0,3177,0,2,0,0,0,0,2,10,5,0,0,0,5,,,
64,DONLEY,321,993,16,15,13,21,0,0,0,30,26,0,39,32,29,7,32,1,741,7,9.4,24,5,20.8%,10,3,,,6,8.1,1,7,7,3,0,2,1,0,0,1,7,134909,0,0,0,0,$0.00,7,0,$0.00,10,741,76,575,88,1,1,549,0,0,2,24,1,2,741,0,2,0,0,0,0,2,7,8,0,0,0,8,,,
65,DUVAL,1108,1945,85,66,51,45,0,0,0,158,140,0,264,174,159,86,178,8,3830,82,21.4,142,41,28.9%,40,13,,,41,10.7,8,35,20,35,0,8,1,4,0,23,20,277554,0,0,0,20,"$9,092.06",35,13,"$3,430.87",151,3830,8,289,3518,4,11,2993,6,212,0,0,2,2,3830,0,1,0,0,0,0,1,6,2,0,0,0,2,,,
66,EASTLAND,1380,4163,215,176,139,92,5,5,0,223,189,3,287,194,188,80,207,13,4226,88,20.8,156,42,26.9%,16,4,,,41,9.7,12,36,27,30,0,12,0,5,5,10,27,289788,1,3,0,7,"$7,224.87",36,3,$109.44,108,4226,73,3307,825,5,16,3334,8,282,1,12,5,1,4226,0,15,0,0,0,0,15,53,103,0,0,0,103,,,
67,ECTOR,10106,15182,709,591,473,544,6,5,0,1965,1811,14,2558,1847,1512,570,1988,70,37839,642,17.0,1469,362,24.6%,217,70,2,0,310,8.2,89,301,207,237,0,92,21,36,39,70,205,3309194,0,11,1,186,"$177,681.58",301,27,"$5,628.11",729,37839,1950,11436,23921,85,447,30131,44,4064,11,132,87,4,37839,1,32,0,0,0,0,33,100,131,0,22,0,153,,,
68,EDWARDS,177,502,6,6,5,1,0,0,0,14,11,0,4,4,4,0,4,0,462,0,0.0,2,0,0.0%,0,0,,,0,0.0,0,0,0,0,0,0,0,0,0,0,0,0,1,0,0,0,$0.00,0,0,$0.00,5,462,2,161,297,0,2,328,2,79,0,0,0,0,462,0,1,0,0,0,0,1,2,4,0,0,0,4,,,
69,ELLIS,12543,14261,300,248,204,261,1,1,0,1319,1170,10,1365,1014,774,252,1113,58,40909,330,8.1,817,191,23.4%,95,26,2,0,186,4.5,64,181,116,164,0,68,1,30,23,65,117,1153943,1,11,1,160,"$84,479.80",181,39,"$27,192.26",364,40909,3978,23266,13231,87,347,31039,52,5288,7,84,51,35,40909,3,97,2,0,0,0,102,512,110,0,196,2,308,,,
70,EL PASO,60496,74142,3454,2663,1805,2039,225,214,44,7088,5856,44,7666,5174,4185,1815,5851,68,224462,2204,9.8,4342,1245,28.7%,1044,142,8,1,659,2.9,178,644,516,467,0,182,28,92,56,157,513,6587387,10,33,18,302,"$333,495.59",644,163,"$43,823.93",3139,224462,5965,19375,195753,396,2973,179427,275,25288,153,1825,315,84,224462,9,249,6,0,0,0,264,1100,697,2029,85,97,2908,,,
71,ERATH,2842,4268,95,71,36,81,4,8,2,342,296,3,389,245,192,121,268,12,8770,125,14.3,211,68,32.2%,28,6,,,54,6.2,14,52,36,42,0,14,0,5,9,17,35,494175,0,3,0,38,"$9,791.16",52,14,"$4,947.53",209,8770,82,5886,2747,12,43,6864,15,933,6,72,10,24,8770,1,11,1,0,0,0,13,114,205,0,0,0,205,,,
72,FALLS,1441,2988,76,71,46,70,1,3,0,157,138,1,203,163,151,19,184,1,4535,26,5.7,129,22,17.1%,20,1,,,12,2.6,2,12,10,6,0,2,0,0,1,4,10,243564,1,1,0,1,$200.00,12,0,$0.00,28,4535,1348,1842,1332,0,13,3382,4,162,1,12,5,1,4535,0,14,1,0,1,0,16,155,12,0,25,0,37,,,
73,FANNIN,2761,6273,124,109,86,83,0,0,0,397,348,3,409,360,287,50,359,9,8187,47,5.7,232,29,12.5%,25,9,,,71,8.7,9,72,57,55,0,8,0,13,10,25,58,662986,2,2,0,27,"$21,323.39",72,0,$0.00,99,8187,501,6649,956,27,54,6128,12,701,1,12,4,6,8187,0,8,0,0,0,0,8,33,71,0,1,0,72,,,
74,FAYETTE,1943,4887,66,58,38,58,0,0,0,166,132,0,230,124,100,64,166,22,5273,95,18.0,131,46,35.1%,21,3,1,0,69,13.1,28,65,34,63,0,28,3,14,10,21,33,575725,0,2,1,6,"$2,200.00",65,1,$575.00,89,5273,526,3171,1557,3,16,3957,9,455,6,72,12,5,5273,0,5,0,0,1,0,6,27,47,0,18,0,65,,,
75,FISHER,321,940,36,32,22,35,0,0,0,33,28,0,60,42,37,25,35,0,847,15,17.7,29,8,27.6%,11,5,,,9,10.6,0,9,8,8,0,0,3,0,4,1,8,68419,0,0,0,3,"$5,000.00",9,0,$0.00,28,847,18,549,277,1,2,612,1,60,0,0,1,0,847,0,0,0,0,0,0,0,0,7,0,0,0,7,,,
76,FLOYD,598,1318,26,27,21,30,0,0,0,63,61,0,98,65,57,19,79,2,2337,31,13.3,52,18,34.6%,12,2,,,23,9.8,2,20,20,12,0,2,5,0,2,4,17,338106,0,0,0,0,$0.00,20,0,$0.00,37,2337,87,716,1527,1,6,1816,2,227,0,0,0,1,2337,0,1,0,0,0,0,1,4,25,0,0,0,25,,,
77,FOARD,117,387,27,20,15,10,0,0,0,13,11,0,16,9,9,7,9,0,336,7,20.8,9,4,44.4%,5,4,,,1,3.0,0,1,1,1,0,0,0,0,1,0,1,1891,0,0,0,1,"$4,000.00",1,0,$0.00,6,336,19,236,78,1,2,234,1,35,0,0,1,0,336,0,0,0,0,0,0,0,0,3,0,0,0,3,,,
78,FORT BEND,51099,36554,656,498,331,229,229,217,7,2688,2296,13,2655,2116,1610,507,2148,82,135413,479,3.5,1695,317,18.7%,265,22,7,0,295,2.2,128,293,200,229,0,130,12,27,26,55,178,2044231,6,32,31,200,"$115,297.97",293,96,"$36,979.71",962,135413,31214,48197,39120,210,16672,95444,222,27402,17,190,105,244,135413,2,258,0,1,5,0,266,1017,301,0,72,0,373,,,
79,FRANKLIN,774,2160,32,27,19,28,1,1,0,107,94,0,127,82,71,33,94,3,2194,35,16.0,69,20,29.0%,6,0,,,11,5.0,3,11,7,11,0,3,0,3,3,3,7,61838,0,1,0,7,"$3,586.58",11,7,"$1,407.94",56,2194,127,1528,525,5,9,1669,4,266,1,12,6,0,2194,0,1,0,0,0,0,1,4,17,0,1,0,18,,,
80,FREESTONE,1584,3337,72,58,44,50,7,6,4,182,158,0,239,165,159,24,215,1,4704,62,13.2,139,36,25.9%,12,0,,,23,4.9,8,25,21,15,0,7,0,1,1,6,20,339463,0,0,0,1,$400.00,25,4,$105.75,42,4704,875,2988,809,4,28,3652,9,515,1,12,11,4,4704,0,5,1,0,0,0,6,68,42,0,0,0,42,,,
81,FRIO,1381,1979,59,52,26,18,1,0,0,294,266,3,377,298,282,88,289,14,4800,69,14.4,196,36,18.4%,32,1,,,82,17.1,18,82,42,70,0,19,2,19,17,14,42,502509,0,3,1,10,"$5,855.00",82,14,$627.50,129,4800,10,536,4225,1,28,3772,6,403,3,36,15,1,4800,0,15,0,0,0,0,15,62,10,0,0,0,10,,,
82,GAINES,1181,1781,42,36,29,40,0,0,0,134,121,0,170,103,81,48,122,8,4889,64,13.1,93,36,38.7%,13,5,,,24,4.9,9,22,7,22,0,9,1,1,1,14,7,116389,0,2,0,12,"$8,025.00",22,0,$0.00,67,4889,66,2449,2354,3,17,3900,2,102,2,24,4,2,4889,0,5,0,0,0,0,5,12,3,0,1,0,4,,,
83,GALVESTON,24717,33628,1075,805,608,698,23,16,3,2926,2624,27,3391,2660,2049,726,2665,120,71099,653,9.2,2090,411,19.7%,648,99,2,0,377,5.3,132,359,185,306,0,135,10,48,36,124,181,1973193,3,25,27,133,"$67,884.00",359,71,"$19,670.84",1161,71099,12458,34913,21231,197,2300,54612,127,14281,21,252,70,78,71099,1,95,2,0,1,0,99,305,314,489,56,0,859,,,
84,GARZA,427,891,19,16,15,30,0,0,0,82,73,0,100,58,56,23,77,1,1267,38,30.0,56,22,39.3%,18,3,,,6,4.7,1,6,6,1,0,1,0,0,0,0,6,97853,0,1,0,0,$0.00,6,0,$0.00,26,1267,66,597,595,0,9,955,2,80,0,0,3,0,1267,0,1,0,0,0,0,1,2,13,0,0,0,13,,,
85,GILLESPIE,1837,6388,74,65,51,56,6,2,0,174,149,0,176,137,128,36,140,8,4535,39,8.6,110,27,24.5%,15,1,,,53,11.7,22,54,22,39,0,22,0,8,11,6,22,210525,0,0,3,9,"$2,900.00",54,5,$287.93,80,4535,5,2896,1615,1,18,3358,11,616,4,48,7,5,4535,0,9,0,0,0,0,9,30,60,0,26,0,86,,,
86,GLASSCOCK,124,224,2,1,1,4,0,0,0,4,2,0,1,1,1,0,1,0,381,0,0.0,1,0,0.0%,0,0,,,0,0.0,0,0,0,0,0,0,0,0,0,0,0,0,0,0,0,0,$0.00,0,0,$0.00,0,381,3,223,155,0,0,282,1,12,0,0,0,0,381,0,0,0,0,0,0,0,0,0,0,0,0,0,0,0,0
87,GOLIAD,624,1422,30,27,13,10,0,0,0,79,62,0,91,86,70,8,83,0,1670,5,3.0,55,5,9.1%,10,1,,,4,2.4,0,4,4,2,0,0,0,1,1,1,4,103559,0,1,1,4,$756.00,4,2,$45.00,7,1670,82,652,930,0,6,1286,2,104,0,0,3,0,1670,0,11,1,0,0,0,12,69,36,0,0,0,36,,,
88,GONZALES,1596,3255,69,49,30,33,1,1,0,314,238,2,248,223,208,25,223,2,5308,25,4.7,147,15,10.2%,55,14,,,45,8.5,0,44,30,30,0,2,0,6,16,8,28,353889,0,0,1,7,"$10,722.50",44,5,$112.50,42,5308,586,1758,2936,4,24,4210,9,480,1,12,7,0,5308,0,9,1,0,1,0,11,159,12,0,0,0,12,,,
89,GRAY,1682,3877,115,118,88,181,1,1,0,356,321,3,409,315,274,97,312,21,5101,85,16.7,253,55,21.7%,42,4,,,87,17.1,27,82,64,65,0,30,5,9,8,24,62,827234,1,1,0,14,"$21,971.00",82,15,"$3,748.09",149,5101,277,3488,1258,19,59,3820,12,845,0,0,6,0,5101,0,6,1,0,0,0,7,32,46,0,0,0,46,,,
90,GRAYSON,9710,18626,728,560,387,309,19,16,3,1509,1311,10,1754,1417,1126,120,1634,21,28321,285,10.1,1042,190,18.2%,136,31,,,204,7.2,38,190,141,141,0,38,2,35,26,48,141,1793031,3,9,2,88,"$65,593.52",190,21,"$8,350.85",274,28321,2503,20464,4587,216,551,22063,36,2894,7,84,44,23,28321,0,28,1,0,0,0,29,89,329,0,25,9,363,,,
91,GREGG,9302,16241,625,502,395,409,43,49,4,1552,1330,10,1897,1423,1191,308,1589,70,30598,435,14.2,1144,247,21.6%,243,45,2,0,283,9.2,82,286,227,217,0,82,11,59,27,56,221,3032635,4,6,3,160,"$133,391.78",286,50,"$9,399.11",432,30598,7431,15542,7168,56,401,23848,52,5611,5,60,57,22,30598,2,35,0,0,1,0,38,113,289,0,0,0,289,,,
92,GRIMES,2232,3880,92,79,69,49,0,0,0,257,230,0,346,207,186,58,288,19,6033,120,19.9,182,65,35.7%,34,6,,,52,8.6,21,52,37,46,0,21,2,12,9,20,41,473506,1,0,2,18,"$12,219.63",52,6,$983.37,90,6033,1269,3214,1523,2,25,4666,8,330,11,131,6,4,6033,0,4,0,0,0,0,4,6,134,0,0,0,134,,,
93,GUADALUPE,10007,13113,430,299,168,159,16,8,1,1463,1132,10,1476,1084,966,323,1153,30,29951,348,11.6,858,196,22.8%,164,40,1,0,118,3.9,35,113,56,79,0,34,1,10,17,25,57,700599,0,10,10,28,"$16,909.49",113,58,"$16,992.55",506,29951,1790,13582,14199,22,358,22016,33,2619,2,24,36,35,29951,0,65,0,0,1,0,66,212,122,0,21,25,168,,,
94,HALE,2800,4718,130,129,112,152,5,5,2,460,408,4,622,404,367,155,467,28,11057,202,18.3,329,96,29.2%,107,22,,,163,14.7,27,152,113,121,0,28,4,39,15,45,119,1647408,0,8,1,7,"$12,210.00",152,8,$572.06,260,11057,538,3163,7296,17,43,8792,8,730,5,60,12,5,11057,0,15,0,0,0,0,15,43,57,0,0,0,57,,,
95,HALL,274,793,19,15,15,21,0,0,0,37,33,0,36,23,18,13,23,0,999,8,8.0,22,4,18.2%,4,0,1,0,10,10.0,0,10,10,3,0,0,1,0,0,2,10,218492,0,0,0,1,"$5,000.00",10,1,$56.55,18,999,88,439,467,0,5,770,1,37,0,0,1,0,999,0,0,0,0,0,0,0,0,11,0,0,0,11,,,
96,HAMILTON,629,1975,54,34,19,17,0,0,0,112,101,1,134,94,91,17,117,8,1792,35,19.5,75,21,28.0%,12,2,,,19,10.6,12,18,16,17,0,12,0,1,1,3,16,158087,0,1,0,3,"$5,860.14",18,1,$22.75,38,1792,0,1502,284,2,4,1348,3,131,0,0,6,8,1792,1,6,0,0,0,0,7,27,29,0,0,0,29,,,
97,HANSFORD,424,900,5,4,3,10,0,0,0,46,42,0,43,33,28,5,38,1,1585,8,5.0,26,5,19.2%,3,0,,,1,0.6,2,1,1,1,0,1,0,0,0,1,1,13597,0,0,0,0,$0.00,1,1,$65.00,8,1585,5,722,851,1,6,1230,2,91,0,0,5,0,1585,0,0,0,0,0,0,0,0,1,0,7,0,8,,,
98,HARDEMAN,357,974,69,58,49,54,0,0,0,63,50,0,69,56,47,9,60,0,1045,13,12.4,39,10,25.6%,3,0,,,5,4.8,0,6,5,3,0,0,0,0,1,2,5,50776,0,1,0,0,$0.00,6,0,$0.00,14,1045,44,704,285,6,6,820,2,95,5,60,5,1,1045,0,1,0,0,0,0,1,5,60,0,0,0,60,,,
99,HARDIN,4212,7217,201,174,126,231,2,1,0,594,486,5,636,491,464,59,577,12,12905,129,10.0,387,84,21.7%,46,8,,,68,5.3,16,66,50,55,0,16,8,15,7,12,48,727637,0,4,3,23,"$11,926.71",66,22,"$1,879.35",101,12905,1259,11015,558,11,62,9680,15,1681,0,0,2,2,12905,0,15,0,0,0,0,15,48,29,0,0,0,29,,,
100,HARRIS,324486,300474,11353,9181,6547,7431,301,296,25,30794,25428,239,34277,26674,20672,6610,27667,1408,1070831,6671,6.2,20671,4223,20.4%,5066,560,67,2,6944,6.5,1866,6837,4122,4651,3,1943,219,911,702,1333,3994,50914926,42,146,199,3050,"$2,794,707.10",6837,438,"$140,704.23",11807,1070831,187558,265480,555057,1792,60944,850501,1548,170358,119,1415,996,1816,1070831,42,1367,12,8,29,2,1460,5827,829,3132,477,0,4438,,,
101,HARRISON,5333,8524,294,239,200,252,1,2,0,698,610,6,868,632,534,118,750,20,15271,213,13.9,519,126,24.3%,72,6,,,104,6.8,36,101,80,64,0,42,3,4,9,20,79,1119946,5,5,4,59,"$50,349.67",101,27,"$5,407.83",195,15271,3822,9019,2327,8,95,11591,18,1719,5,60,54,7,15271,0,25,2,0,1,0,28,175,107,0,90,0,197,,,
102,HARTLEY,496,728,8,4,3,4,0,0,0,24,18,0,30,25,25,0,30,0,1208,5,4.1,19,2,10.5%,9,0,,,4,3.3,0,5,1,1,0,0,0,0,0,1,1,14085,0,0,0,0,$0.00,5,0,$0.00,0,1208,5,1053,146,1,3,979,1,150,0,0,0,1,1208,0,1,0,0,0,0,1,6,13,0,0,0,13,,,
103,HASKELL,451,1426,67,63,60,73,1,0,0,41,38,4,45,37,26,10,35,2,1329,8,6.0,25,4,16.0%,15,2,,,5,3.8,2,4,4,5,0,2,0,2,0,1,4,34928,0,0,0,2,$866.28,4,1,$36.48,25,1329,42,793,488,0,6,1049,2,105,1,12,2,1,1329,0,0,0,0,0,0,0,0,24,0,0,0,24,,,
104,HAYS,13936,12284,269,228,128,127,7,6,1,1198,915,10,1342,1024,884,142,1200,48,34046,283,8.3,802,182,22.7%,133,26,1,0,154,4.5,54,151,88,133,0,50,2,24,40,47,86,883643,0,7,11,32,"$34,916.47",151,9,"$5,654.04",217,34046,1220,17105,15337,54,330,26470,75,5308,9,108,51,30,34046,1,81,1,0,2,0,85,509,526,0,123,0,649,,,
105,HEMPHILL,279,608,7,5,4,3,0,0,0,24,21,0,38,30,29,5,33,2,807,7,8.7,19,5,26.3%,1,1,,,2,2.5,2,3,1,3,0,2,0,0,0,1,1,7117,0,0,0,1,$487.00,3,0,$0.00,5,807,1,560,243,0,3,634,1,68,0,0,2,0,807,0,1,0,0,0,0,1,3,3,0,0,0,3,,,
106,HENDERSON,6487,16225,564,468,377,547,0,0,0,1034,894,5,1133,747,588,295,838,57,18783,354,18.8,674,210,31.2%,112,33,2,0,266,14.2,96,238,170,222,0,97,6,39,26,83,161,1940613,1,8,3,123,"$108,653.20",238,108,"$25,093.23",544,18783,1806,13515,3316,30,116,14496,15,1608,4,48,22,2,18783,1,39,0,0,0,0,40,139,57,0,1,0,58,,,
107,HIDALGO,57099,67003,2596,2235,1541,1998,53,35,4,8309,7379,56,11713,8294,7032,2466,9247,127,252901,2956,11.7,6285,1522,24.2%,1303,248,10,0,704,2.8,225,680,553,555,0,231,61,2,0,328,547,5580821,4,14,5,339,"$368,970.67",680,375,"$42,945.95",4388,252901,365,11423,238992,143,1978,198825,360,25493,118,1413,205,150,252901,7,131,1,0,0,0,139,675,475,1367,635,0,2477,,,
108,HILL,2754,6563,143,109,76,94,1,1,0,384,344,2,499,362,340,44,455,16,9088,118,13.0,287,65,22.6%,38,8,1,0,63,6.9,21,61,53,43,0,21,0,14,3,10,52,734632,0,1,0,12,"$12,000.00",61,2,$135.85,86,9088,872,5681,2504,3,28,7076,10,479,3,36,9,5,9088,0,7,1,0,0,0,8,100,55,0,1,0,56,,,
109,HOCKLEY,1844,3179,117,89,81,153,0,0,0,291,266,3,406,252,233,81,325,20,6615,137,20.7,214,69,32.2%,36,2,1,0,108,16.3,16,97,68,55,0,15,5,8,7,22,67,927959,0,2,2,4,"$1,337.50",97,0,$0.00,171,6615,236,2916,3439,5,19,5284,11,518,6,72,11,1,6615,0,12,0,0,1,0,13,51,48,0,0,0,48,,,
110,HOOD,4167,10381,136,115,77,103,3,3,0,635,545,5,735,470,339,140,595,11,10261,233,22.7,423,137,32.4%,107,31,,,54,5.3,12,54,39,40,0,12,2,6,9,14,40,552841,0,1,2,31,"$22,253.22",54,11,"$1,989.05",258,10261,32,8226,1896,32,75,7659,19,1584,4,48,12,10,10261,0,13,0,0,0,0,13,31,45,0,11,0,56,,,
111,HOPKINS,2632,5794,169,151,107,142,2,2,1,428,354,2,486,362,330,75,411,22,8683,108,12.4,293,65,22.2%,36,9,,,86,9.9,30,78,56,73,0,31,6,8,8,26,56,734980,0,3,0,36,"$27,854.12",78,33,"$5,438.00",132,8683,806,6168,1634,15,60,6702,11,1110,5,60,14,3,8683,2,9,0,0,0,0,11,39,140,0,31,0,171,,,
112,HOUSTON,1969,4516,394,339,306,251,0,0,0,218,187,1,243,203,191,27,216,8,4929,38,7.7,145,23,15.9%,27,0,1,0,31,6.3,7,30,23,18,0,7,2,3,3,8,23,343274,0,2,2,13,"$12,386.29",30,5,$559.68,28,4929,1636,2619,649,3,22,3737,2,146,3,36,5,6,4929,0,8,0,0,0,0,8,21,15,0,0,0,15,,,
113,HOWARD,2834,5066,303,234,168,89,216,188,24,482,428,4,707,424,358,230,477,36,7837,256,32.7,372,132,35.5%,154,33,4,0,118,15.1,45,112,78,104,0,46,2,29,7,34,76,1085018,0,0,1,44,"$29,217.19",112,19,"$4,806.50",291,7837,348,3691,3729,3,66,6136,14,1189,0,0,8,1,7837,0,5,0,0,0,0,5,11,18,0,0,0,18,,,
114,HUDSPETH,303,606,16,9,9,8,0,0,0,18,14,0,15,9,8,1,14,0,1001,6,6.0,11,4,36.4%,8,0,,,3,3.0,0,3,3,0,0,0,0,0,0,0,4,71774,0,0,0,0,$0.00,3,0,$0.00,4,1001,0,151,845,5,0,697,1,17,0,0,1,0,1001,0,0,0,0,0,0,0,0,30,0,0,0,30,,,
115,HUNT,7273,10923,545,419,355,466,7,5,1,1009,900,10,1094,832,659,211,883,92,21521,238,11.1,631,136,21.6%,85,18,1,0,239,11.1,105,239,161,217,0,104,5,39,28,79,153,1305929,0,12,0,163,"$50,465.14",239,11,"$3,595.18",253,21521,2834,13763,4544,78,302,16740,23,2477,5,60,31,12,21521,0,34,1,0,1,0,36,194,210,0,13,0,223,,,
116,HUTCHINSON,1779,3661,114,99,90,176,0,0,0,306,277,5,398,308,257,72,326,20,5889,85,14.4,230,47,20.4%,15,3,,,63,10.7,19,62,49,51,0,19,4,1,6,22,48,594128,1,2,1,10,"$6,154.50",62,16,"$3,130.16",106,5889,227,4026,1559,37,40,4613,6,317,3,36,8,4,5889,0,10,0,0,0,0,10,41,29,0,0,0,29,,,
117,IRION,159,409,4,5,4,6,0,0,0,9,9,0,13,8,8,5,8,0,295,2,6.8,6,1,16.7%,0,0,,,2,6.8,0,1,1,1,0,0,0,0,0,1,1,25630,0,0,0,0,$0.00,1,0,$0.00,5,295,1,197,97,0,0,210,1,20,0,0,1,1,295,0,0,0,0,0,0,0,0,6,0,0,0,6,,,
118,JACK,702,1424,82,66,53,49,0,0,0,105,91,0,105,72,68,33,72,1,1958,33,16.9,64,16,25.0%,23,11,,,5,2.6,1,5,7,1,0,1,0,0,0,0,6,159616,0,2,0,2,"$1,300.00",5,1,$36.48,48,1958,19,1675,240,17,7,1532,0,0,3,36,1,3,1958,0,2,0,0,0,0,2,5,26,0,0,0,26,,,
119,JACKSON,1160,2382,40,31,15,11,0,0,0,148,124,1,145,116,87,22,123,2,3745,25,6.7,81,16,19.8%,18,5,,,24,6.4,7,25,16,19,0,7,2,9,1,7,15,133312,1,7,0,4,$662.50,25,1,$22.50,38,3745,300,2063,1344,4,34,2971,6,306,5,60,11,2,3745,0,11,0,0,0,0,11,46,76,0,0,0,76,,,
120,JASPER,2843,6221,262,210,157,226,4,2,0,420,363,2,491,418,356,63,428,12,9023,61,6.8,297,40,13.5%,59,9,,,51,5.7,17,47,37,38,0,18,4,8,1,14,37,338460,2,4,2,24,"$21,309.67",47,10,"$3,790.72",99,9023,2039,6323,583,11,67,7022,6,658,2,24,8,5,9023,0,13,0,0,0,0,13,34,48,0,0,0,48,,,
121,JEFF DAVIS,228,593,6,6,6,3,0,0,0,11,11,0,11,7,7,3,8,0,385,4,10.4,6,3,50.0%,0,0,,,0,0.0,0,0,0,0,0,0,0,0,0,0,0,0,0,1,1,0,$0.00,0,0,$0.00,6,385,6,212,166,0,1,287,0,0,0,0,2,1,385,0,2,0,0,1,0,3,87,0,0,0,0,0,0,0,0
122,JEFFERSON,20680,31060,1518,1215,881,808,63,47,12,2447,2142,21,3228,2468,2129,368,2860,63,63079,661,10.5,1932,437,22.6%,336,68,1,0,256,4.1,71,252,204,186,0,73,8,35,37,49,198,2048102,9,37,17,302,"$301,398.52",252,45,"$22,805.00",564,63079,24482,21735,13834,109,2919,48722,84,8310,6,72,16,30,63079,5,117,4,0,1,0,127,553,341,0,0,0,341,,,
123,JIM HOGG,452,856,57,49,30,42,0,0,0,94,88,0,169,118,110,57,112,1,1509,48,31.8,83,24,28.9%,30,9,,,16,10.6,3,16,8,11,0,3,0,0,0,8,8,48808,0,0,0,0,$0.00,16,4,"$1,710.08",115,1509,3,119,1384,1,2,1162,3,180,0,0,6,2,1509,0,0,0,0,0,0,0,0,8,0,0,0,8,,,
124,JIM WELLS,3346,5301,216,163,85,76,1,1,0,624,570,7,969,638,564,313,656,37,12305,293,23.8,517,154,29.8%,235,57,,,141,11.5,41,125,74,115,0,41,13,3,10,54,75,567136,0,0,0,36,"$39,987.86",125,42,"$9,570.44",503,12305,52,2010,10176,4,63,9616,23,983,1,12,8,1,12305,0,11,0,0,0,0,11,53,212,0,0,0,212,,,
125,JOHNSON,13120,17923,380,280,189,229,34,53,15,1930,1651,11,2008,1282,918,408,1600,64,43440,659,15.2,1176,377,32.1%,214,39,1,0,293,6.7,110,294,237,225,0,110,5,26,26,66,229,2902685,1,11,10,151,"$80,232.30",294,20,"$9,157.69",787,43440,1288,30594,10759,172,627,32578,41,4818,4,48,31,14,43440,0,82,0,0,0,0,82,270,40,0,2,3,45,,,
126,JONES,1663,2907,161,142,104,80,0,0,0,199,156,0,206,132,103,81,125,2,4545,63,13.9,117,33,28.2%,32,8,,,17,3.7,5,18,17,8,0,6,0,0,0,2,17,257119,0,3,1,13,"$3,905.62",18,7,"$1,592.72",102,4545,282,2784,1425,5,49,3281,5,173,2,24,13,2,4545,0,9,0,0,0,0,9,24,66,0,0,0,66,,,
127,KARNES,1346,2015,53,60,42,31,0,0,0,189,144,0,207,162,155,36,171,1,3280,39,11.9,109,22,20.2%,23,1,,,18,5.5,1,18,17,7,0,4,0,0,1,5,19,343081,0,0,0,5,"$1,230.00",18,2,$316.28,57,3280,51,1023,2191,0,15,2568,5,163,1,12,4,1,3280,0,0,0,0,0,0,0,0,13,0,0,0,13,,,
128,KAUFMAN,8608,11516,335,245,217,245,318,310,14,1039,920,8,1094,867,642,148,946,38,26189,194,7.4,654,123,18.8%,68,15,,,144,5.5,51,149,78,131,0,51,3,20,38,39,76,938645,1,9,3,93,"$70,211.54",149,13,"$3,339.86",220,26189,2967,16433,6569,34,186,19363,39,4463,5,60,32,22,26189,0,52,1,0,0,0,53,196,19,0,1,0,20,,,
129,KENDALL,2924,4960,59,48,29,42,0,0,0,178,136,1,170,128,107,40,130,4,7169,39,5.4,96,18,18.8%,7,5,,,21,2.9,4,17,12,19,0,4,0,2,8,7,12,134130,0,2,1,8,"$1,386.55",17,10,"$1,355.12",41,7169,12,5199,1923,3,32,5043,14,1186,3,36,5,7,7169,1,31,1,0,1,0,34,176,75,0,1,1,77,,,
130,KENEDY,38,79,1,1,1,3,0,0,0,8,6,0,5,1,1,3,2,2,115,4,34.8,4,3,75.0%,1,0,,,2,17.4,2,2,2,2,0,2,0,0,0,2,2,772,0,0,0,0,$0.00,2,0,$0.00,2,115,0,22,92,0,1,92,0,0,0,0,0,0,115,0,0,0,0,0,0,0,0,1,0,0,0,1,,,
131,KENT,63,265,2,1,1,0,0,0,0,9,7,0,17,13,12,0,17,0,118,3,25.4,8,1,12.5%,4,0,,,0,0.0,0,0,0,0,0,0,0,0,0,0,0,0,0,0,0,0,$0.00,0,0,$0.00,2,118,0,111,7,0,0,84,0,0,0,0,0,0,118,0,1,0,0,0,0,1,12,6,0,0,0,6,,,
132,KERR,3509,12648,297,265,193,229,32,43,6,677,582,4,690,473,415,170,520,40,9542,189,19.8,413,118,28.6%,55,6,,,202,21.2,58,193,143,162,0,59,6,40,31,40,141,1815557,0,4,0,34,"$34,367.03",193,37,"$5,674.47",334,9542,175,5750,3557,5,55,7224,17,1285,3,36,14,10,9542,2,23,3,0,1,0,29,288,99,0,10,29,138,,,
133,KIMBLE,356,1093,52,44,44,60,0,0,0,54,48,0,71,48,48,10,61,4,992,20,20.2,43,13,30.2%,7,0,,,15,15.1,7,13,13,13,0,7,0,1,0,5,13,178361,0,0,0,0,$0.00,13,0,$0.00,29,992,0,648,335,0,9,781,2,100,1,12,1,0,992,0,1,0,0,0,0,1,4,39,0,0,0,39,,,
134,KING,32,59,0,0,0,0,0,0,0,0,0,0,0,0,0,0,0,0,74,0,0.0,0,0,0.0%,0,0,,,0,0.0,0,0,0,0,0,0,0,0,0,0,0,0,0,0,0,0,$0.00,0,0,$0.00,0,74,0,66,8,0,0,46,0,0,0,0,0,0,74,0,0,0,0,0,0,0,0,0,0,0,0,0,0,0,0
135,KINNEY,241,886,31,21,17,11,0,0,0,22,19,0,20,16,15,1,19,1,787,4,5.1,13,3,23.1%,0,0,,,1,1.3,1,1,1,1,0,1,0,0,0,0,1,1659,0,0,0,0,$0.00,1,0,$0.00,1,787,0,211,575,0,1,592,2,35,0,0,0,1,787,0,1,0,0,0,0,1,3,5,0,0,3,8,,,
136,KLEBERG,2770,3796,122,97,60,84,1,1,1,410,365,5,520,359,339,147,373,28,8875,151,17.0,290,79,27.2%,120,27,,,126,14.2,49,120,87,96,0,49,6,8,14,34,84,667919,0,0,3,31,"$33,703.24",120,22,"$6,092.88",343,8875,379,1799,6551,16,130,7290,13,685,1,12,15,7,8875,0,9,0,0,0,0,9,27,275,0,49,0,324,,,
137,KNOX,309,906,44,39,29,49,0,0,0,44,38,0,42,30,19,11,31,3,987,9,9.1,25,7,28.0%,16,7,,,7,7.1,3,7,7,4,0,3,0,0,0,1,8,125530,0,0,0,1,$550.00,7,0,$0.00,31,987,103,506,376,0,2,758,3,94,0,0,0,0,987,0,0,0,0,0,0,0,0,16,0,0,0,16,,,
138,LAMAR,3905,8613,320,257,182,223,10,6,2,607,467,6,635,513,447,71,564,14,12565,105,8.4,387,69,17.8%,99,22,1,0,87,6.9,27,84,57,68,0,27,4,2,3,33,51,575470,1,3,0,46,"$26,496.15",84,25,"$6,449.14",171,12565,2310,9284,783,63,125,9774,17,1570,6,70,16,7,12565,0,11,0,0,0,0,11,36,304,0,8,0,312,,,
139,LAMB,1146,2525,132,96,88,102,0,0,0,194,175,2,280,214,201,42,238,5,4296,60,14.0,143,27,18.9%,41,14,,,63,14.7,5,67,55,34,0,6,8,13,1,9,53,812531,0,2,1,2,$675.00,67,3,$149.07,115,4296,203,1396,2678,3,16,3398,3,120,1,12,6,1,4296,0,5,0,0,0,0,5,10,32,0,0,0,32,,,
140,LAMPASAS,1894,3635,82,75,45,79,0,0,0,235,204,5,232,182,171,36,196,9,5535,44,7.9,146,30,20.5%,66,11,1,0,60,10.8,12,59,51,40,0,19,2,7,10,13,52,819369,0,2,1,13,"$7,852.27",59,5,"$1,110.46",75,5535,214,3939,1348,2,32,4263,4,235,5,60,5,9,5535,0,20,1,0,0,0,21,122,111,0,14,0,125,,,
141,LASALLE,507,898,22,16,10,10,0,1,0,113,97,0,135,101,92,31,104,0,1875,31,16.5,70,16,22.9%,0,0,,,28,14.9,1,27,13,22,0,1,0,9,6,7,13,105837,0,1,0,3,$636.25,27,0,$0.00,49,1875,14,175,1680,0,6,1521,2,99,0,0,6,0,1875,0,2,0,0,0,0,2,6,9,0,0,0,9,,,
142,LAVACA,1476,4216,73,59,34,37,0,0,0,131,107,1,135,97,85,27,108,0,4316,36,8.3,86,22,25.6%,8,1,,,7,1.6,0,7,6,5,0,0,0,3,2,0,6,89580,0,3,0,23,"$8,622.50",7,2,$438.50,38,4316,428,2841,1030,1,16,3317,12,620,10,118,12,6,4316,0,5,0,0,0,0,5,26,62,0,0,0,62,,,
143,LEE,1413,2453,60,47,33,59,1,1,0,164,140,2,248,185,143,39,209,22,4333,58,13.4,147,33,22.4%,28,4,3,0,49,11.3,19,48,28,41,0,19,0,6,1,20,29,217467,0,0,3,2,"$1,000.00",48,2,$710.85,65,4333,520,2347,1434,4,28,3301,7,480,5,60,4,0,4333,0,22,0,0,0,0,22,103,9,0,0,0,9,,,
144,LEON,1340,4152,78,58,44,40,1,0,0,161,152,1,229,152,127,41,188,3,3515,75,21.3,128,39,30.5%,25,10,,,38,10.8,3,33,23,20,0,3,2,3,1,13,22,346608,0,1,3,5,"$7,512.70",33,4,$293.76,67,3515,422,2521,555,2,15,2689,5,187,3,36,5,0,3515,0,6,0,0,0,0,6,8,25,0,0,0,25,,,
145,LIBERTY,6811,9390,345,287,216,224,4,1,0,901,748,3,964,756,686,145,819,40,21344,197,9.2,575,120,20.9%,172,31,1,0,172,8.1,49,162,96,136,0,61,5,18,5,64,97,1448138,4,9,3,97,"$38,804.84",162,9,"$3,665.48",235,21344,2362,14244,4575,24,139,15953,19,1367,1,12,12,5,21344,0,25,0,0,0,0,25,76,49,0,0,0,49,,,
146,LIMESTONE,1837,3959,123,108,64,95,721,656,53,286,241,3,326,249,235,29,297,15,5618,66,11.7,191,44,23.0%,23,3,2,0,50,8.9,20,49,34,41,0,20,1,8,7,12,34,380546,0,0,0,9,"$8,781.40",49,4,"$1,195.50",57,5618,1201,2978,1417,5,17,4359,9,743,4,48,6,6,5618,0,7,0,0,0,0,7,34,53,0,0,0,53,,,
147,LIPSCOMB,239,627,6,8,8,20,0,0,0,25,21,0,44,41,36,2,42,0,692,3,4.3,22,3,13.6%,0,0,,,0,0.0,0,0,1,0,0,0,0,0,0,0,1,14816,0,0,0,0,$0.00,0,0,$0.00,8,692,2,399,282,4,5,518,0,0,0,0,0,0,692,0,1,0,0,0,0,1,9,0,0,0,0,0,0,0,0
148,LIVE OAK,1084,2157,51,41,32,33,0,0,0,160,149,0,180,114,93,74,106,1,2381,65,27.3,106,39,36.8%,56,9,,,3,1.3,2,3,3,3,0,2,0,0,0,1,3,24066,0,0,0,1,$497.00,3,7,$967.80,132,2381,7,1122,1250,0,2,1811,4,125,1,12,1,1,2381,0,6,0,0,0,0,6,24,39,0,89,0,128,,,
149,LLANO,1411,5885,86,68,51,52,2,2,1,223,187,0,230,179,162,25,205,10,3234,51,15.8,140,34,24.3%,41,2,,,44,13.6,10,45,41,32,0,10,4,10,3,14,42,607356,0,1,0,7,"$10,445.50",45,3,$124.80,39,3234,12,2788,412,8,14,2439,7,336,1,12,4,0,3234,0,5,0,0,0,0,5,15,47,0,0,0,47,,,
150,LOVING,7,18,0,0,0,0,0,0,0,0,0,0,0,0,0,0,0,0,3,0,0.0,0,0,0.0%,0,0,,,0,0.0,0,0,0,0,0,0,0,0,0,0,0,0,0,0,0,0,$0.00,0,0,$0.00,0,3,0,1,2,0,0,2,0,0,0,0,0,0,3,0,0,0,0,0,0,0,0,1,0,0,0,1,,,
151,LUBBOCK,20124,28051,2277,1981,1618,2011,367,311,65,3409,2936,29,4292,2701,2297,993,3299,159,63936,1453,22.7,2299,755,32.8%,388,96,1,0,955,14.9,211,895,676,717,0,258,36,165,159,197,660,9095816,3,59,7,306,"$335,877.21",895,246,"$32,531.67",1725,63936,6349,29108,27108,114,1257,51380,123,11523,37,444,89,44,63936,8,197,5,0,1,1,212,906,335,910,152,0,1397,,,
152,LYNN,538,1126,29,27,26,42,0,0,0,60,54,0,69,50,43,11,58,0,1737,19,10.9,39,9,23.1%,6,0,,,4,2.3,0,4,4,0,0,0,0,0,0,0,7,123832,0,1,0,0,$0.00,4,0,$0.00,25,1737,55,697,974,4,7,1336,1,25,1,12,5,2,1737,0,1,0,0,0,0,1,2,14,0,0,0,14,,,
153,MADISON,1108,2162,45,38,24,20,0,0,0,119,101,2,172,87,74,34,138,13,2920,78,26.7,85,27,31.8%,10,4,,,48,16.4,29,49,40,43,0,29,0,4,3,7,40,351486,0,1,2,0,$0.00,49,2,$79.30,52,2920,562,1720,632,1,5,2292,6,215,2,24,5,2,2920,0,3,0,0,0,0,3,3,36,0,2,0,38,,,
154,MARION,926,2524,104,94,87,91,0,0,0,120,103,0,149,127,96,21,128,7,2238,19,8.5,90,14,15.6%,7,1,,,22,9.8,8,22,15,17,0,9,3,2,2,2,15,206914,0,1,1,13,"$5,326.90",22,7,$483.00,29,2238,754,1383,71,7,23,1725,1,97,2,24,4,1,2238,0,2,0,0,0,0,2,4,14,0,0,0,14,,,
155,MARTIN,373,737,9,9,3,3,0,0,0,34,32,0,38,27,27,10,28,0,1576,11,7.0,18,6,33.3%,8,0,,,0,0.0,0,0,0,0,0,0,0,0,0,0,0,0,0,0,0,3,"$1,552.63",0,1,$780.68,14,1576,29,758,788,0,1,1240,2,86,0,0,2,0,1576,0,0,0,0,0,0,0,0,3,0,1,0,4,,,
156,MASON,313,1110,13,9,9,9,0,0,0,44,39,0,53,32,30,16,37,4,744,20,26.9,37,13,35.1%,12,4,1,0,9,12.1,4,8,8,8,0,4,0,0,0,7,8,44548,0,0,0,1,$770.00,8,0,$0.00,26,744,1,516,224,1,2,578,4,105,0,0,1,0,744,0,2,0,0,0,0,2,5,10,0,0,0,10,,,
157,MATAGORDA,3132,5134,142,121,79,162,4,3,0,321,271,2,364,280,229,77,287,7,10609,73,6.9,222,44,19.8%,70,8,,,37,3.5,11,33,18,28,0,12,1,3,0,13,15,164832,2,3,3,16,"$5,415.20",33,29,"$15,762.73",178,10609,1437,3897,4859,29,387,8199,11,950,0,0,20,6,10609,0,11,0,0,0,0,11,31,135,0,15,0,150,,,
158,MAVERICK,4075,5373,113,116,67,35,1,0,0,261,222,2,298,249,242,27,271,7,18632,39,2.1,170,24,14.1%,36,2,1,0,46,2.5,5,46,31,20,0,5,0,2,0,13,31,505933,0,2,1,1,$540.00,46,1,$56.55,35,18632,13,314,17959,213,133,14312,18,1781,0,0,18,4,18632,0,5,0,0,0,0,5,9,110,0,0,0,110,,,
159,MCCULLOCH,629,1741,115,101,91,139,1,0,0,142,135,1,170,137,130,24,146,1,1980,25,12.6,107,20,18.7%,12,2,,,24,12.1,1,20,14,19,0,1,1,3,6,8,13,218382,0,1,0,6,"$13,685.00",20,0,$0.00,64,1980,29,1176,772,0,3,1553,4,179,3,36,5,1,1980,0,20,0,0,0,0,20,108,23,0,0,0,23,,,
160,MCLENNAN,17421,27397,986,862,526,862,100,89,12,2824,2556,21,3446,2772,2510,345,3101,81,57387,575,10.0,2058,376,18.3%,310,51,1,0,451,7.9,97,433,278,327,0,99,12,63,73,105,274,3961454,3,20,6,166,"$182,401.77",433,23,"$7,264.08",750,57387,10977,26177,19527,75,631,45360,97,9213,25,300,65,32,57387,4,104,2,1,1,0,112,744,193,1229,0,0,1422,,,
161,MCMULLEN,75,228,1,1,1,1,0,0,0,15,14,0,10,9,4,1,9,0,126,1,7.9,8,1,12.5%,0,0,,,0,0.0,0,0,0,0,0,0,0,0,0,0,0,0,0,0,0,1,$905.78,0,0,$0.00,3,126,4,68,54,0,0,89,0,0,0,0,0,0,126,0,0,0,0,0,0,0,0,3,0,0,0,3,,,
162,MEDINA,3763,5722,164,152,67,31,4,0,0,526,451,3,612,438,383,163,449,34,11742,146,12.4,362,92,25.4%,73,17,2,0,161,13.7,31,158,81,107,0,31,1,36,9,34,79,895631,0,5,4,15,"$3,910.01",158,26,"$3,695.63",279,11742,72,4794,6798,9,69,8670,11,805,1,12,11,13,11742,1,34,0,0,0,0,35,125,111,0,1,0,112,,,
163,MENARD,204,656,23,19,18,21,0,0,0,19,17,0,37,11,11,15,22,4,505,22,43.6,19,11,57.9%,3,0,1,0,7,13.9,4,7,7,6,0,4,0,0,0,2,7,127438,0,0,0,1,$770.00,7,0,$0.00,19,505,3,312,187,0,3,400,1,20,0,0,0,0,505,0,0,0,0,0,0,0,0,26,0,0,0,26,,,
164,MIDLAND,9928,14568,406,321,223,208,18,15,1,1303,1155,8,1653,1254,1077,221,1432,30,34237,362,10.6,993,226,22.8%,158,37,,,189,5.5,34,186,103,149,0,42,14,18,25,59,103,1658939,0,14,1,129,"$130,305.95",186,24,"$4,093.58",319,34237,2692,14746,16172,65,562,26829,59,6132,7,81,39,7,34237,3,44,1,0,0,0,48,187,142,0,0,0,142,,,
165,MILAM,2026,4591,75,82,57,75,0,0,0,327,279,2,364,259,215,49,315,8,6854,91,13.3,197,57,28.9%,31,9,,,113,16.5,24,108,51,79,0,25,2,18,20,22,49,571049,2,0,4,19,"$22,196.00",108,2,$45.50,123,6854,983,3562,2279,3,27,5252,9,548,7,84,16,1,6854,0,9,1,0,0,0,10,70,81,0,0,0,81,,,
166,MILLS,383,1170,19,16,10,6,0,0,0,44,40,0,39,32,31,2,37,0,1114,6,5.4,28,5,17.9%,24,2,,,4,3.6,0,4,4,2,0,0,0,1,1,1,4,90027,0,0,0,1,$56.55,4,1,$339.30,6,1114,18,855,240,0,1,846,0,0,2,24,3,3,1114,0,11,0,0,1,0,12,165,8,0,0,0,8,,,
167,MITCHELL,851,1577,41,32,25,25,0,0,0,114,104,0,142,106,72,40,102,0,1759,32,18.2,83,19,22.9%,17,8,,,3,1.7,1,3,1,2,0,1,0,0,0,1,1,1621,0,0,0,1,$377.15,3,1,$36.48,40,1759,103,829,821,0,6,1325,1,93,0,0,2,2,1759,0,1,0,0,0,0,1,3,18,0,0,0,18,,,
168,MONTAGUE,1479,4619,324,277,233,243,0,0,0,295,256,4,356,266,235,67,289,12,4444,81,18.2,206,52,25.2%,77,34,,,42,9.5,14,41,25,28,0,14,1,0,4,11,22,308696,0,5,0,7,"$27,385.66",41,3,$109.44,106,4444,8,3855,532,22,27,3459,7,228,3,36,1,4,4444,0,5,0,0,0,0,5,10,16,0,0,0,16,,,
169,MONTGOMERY,37971,42272,1092,860,629,677,40,34,4,3991,3190,24,4133,3008,2365,1107,3026,273,114616,1019,8.9,2424,604,24.9%,436,79,2,0,859,7.5,317,822,451,738,0,374,34,140,101,253,438,4832025,3,18,13,184,"$173,814.86",822,75,"$16,030.88",1660,114616,4775,81136,26729,211,1765,84178,151,17442,19,225,65,38,114616,7,147,3,0,0,0,157,512,822,0,15,0,837,,,
170,MOORE,1604,2337,69,61,56,79,0,0,0,264,228,4,393,280,267,85,308,1,6486,100,15.4,214,48,22.4%,59,8,,,9,1.4,3,10,7,5,0,2,0,0,2,1,7,59280,0,2,0,0,$0.00,10,3,$526.36,109,6486,21,2545,3860,8,52,4995,5,303,1,10,3,1,6486,0,3,0,0,0,0,3,7,18,0,0,0,18,,,
171,MORRIS,1057,2486,69,59,47,54,0,0,0,164,142,0,195,111,88,62,133,17,3049,78,25.6,119,44,37.0%,23,2,,,34,11.2,19,34,17,26,0,19,0,5,0,7,17,179523,0,1,0,16,"$10,920.69",34,7,"$1,195.91",74,3049,861,1955,210,6,17,2349,3,140,1,12,9,3,3049,0,3,0,0,0,0,3,13,12,0,0,0,12,,,
172,MOTLEY,104,388,17,15,15,17,0,0,0,5,5,0,9,9,9,0,9,0,260,0,0.0,5,0,0.0%,3,0,,,3,11.5,0,3,1,2,0,0,0,0,0,2,1,32020,0,0,0,0,$0.00,3,0,$0.00,3,260,6,202,50,0,2,190,0,0,0,0,0,0,260,0,0,0,0,0,0,0,0,4,0,0,0,4,,,
173,NACOGDOCHES,4890,7983,223,181,170,241,2,2,0,662,556,6,701,521,463,130,571,62,14978,164,10.9,407,98,24.1%,88,15,2,1,147,9.8,64,141,109,119,0,66,3,18,7,37,108,1021512,1,6,2,40,"$16,616.50",141,22,"$5,627.24",173,14978,3006,7893,3875,18,186,11445,16,2020,1,12,11,7,14978,0,23,0,0,1,0,24,110,137,0,30,0,167,,,
174,NAVARRO,3936,6957,236,168,125,144,23,17,6,549,497,6,552,472,381,67,485,21,13547,73,5.4,327,45,13.8%,105,33,,,161,11.9,21,158,128,106,0,22,7,29,30,27,129,2129748,0,0,3,148,"$54,182.24",158,20,"$10,059.17",136,13547,2308,6603,4491,18,127,10460,17,1389,4,48,17,17,13547,3,73,0,0,2,0,78,338,28,0,39,0,67,,,
175,NEWTON,1220,2507,98,63,53,82,1,1,1,131,110,0,138,121,94,6,132,4,3407,16,4.7,85,11,12.9%,18,4,,,18,5.3,0,17,13,7,0,0,0,1,0,6,11,165681,0,1,2,1,$565.00,17,1,$27.00,16,3407,938,2334,102,9,24,2567,3,107,0,0,0,0,3407,0,6,0,0,0,0,6,18,24,0,0,0,24,,,
176,NOLAN,1224,2584,136,112,83,55,7,5,1,288,245,4,344,253,211,100,244,4,4026,78,19.4,203,50,24.6%,95,13,,,28,7.0,2,29,21,19,0,2,3,3,2,11,21,382429,0,3,0,5,"$5,255.63",29,8,"$1,781.88",149,4026,232,2161,1620,0,13,3134,10,604,1,12,6,1,4026,0,6,0,0,0,0,6,14,37,0,0,0,37,,,
177,NUECES,26524,34500,1918,1428,1224,1634,803,760,49,5245,4991,34,6751,4917,4241,1635,5116,236,87371,1648,18.9,3930,946,24.1%,1288,260,,,775,8.9,303,721,550,582,0,319,29,61,51,188,546,5555218,5,17,13,315,"$326,754.08",721,214,"$26,338.08",3328,87371,4106,20316,61402,96,1451,69780,149,13041,37,443,112,57,87371,9,146,2,0,0,1,158,690,997,1705,106,91,2899,,,
178,OCHILTREE,759,1155,20,18,17,45,0,0,0,102,92,0,114,103,96,7,107,4,2931,10,3.4,74,9,12.2%,12,0,,,10,3.4,4,11,9,6,0,4,0,0,0,2,9,207886,0,0,0,1,"$4,000.00",11,3,$632.63,11,2931,5,1424,1478,9,15,2314,5,335,1,12,1,0,2931,0,1,0,0,0,0,1,2,9,0,4,0,13,,,
179,OLDHAM,186,372,5,4,4,3,0,0,0,28,18,0,30,28,27,2,28,2,497,2,4.0,18,2,11.1%,0,0,,,4,8.0,2,4,4,3,0,2,0,0,0,1,3,94202,0,2,0,0,$0.00,4,0,$0.00,0,497,12,419,62,1,3,375,2,95,0,0,1,0,497,0,3,1,0,0,0,4,451,3,0,0,0,3,,,
180,ORANGE,6803,12428,406,338,245,272,4,3,0,1133,1001,9,1299,967,720,119,1180,29,20806,292,14.0,813,199,24.5%,187,30,1,0,133,6.4,39,115,98,103,0,39,8,7,12,44,99,1118649,2,14,0,34,"$17,853.45",115,9,"$3,526.47",236,20806,2521,16432,1366,83,404,15563,27,2397,6,72,9,9,20806,0,28,0,0,0,0,28,121,68,0,0,0,68,,,
181,PALO PINTO,2175,4907,165,134,73,129,0,0,0,493,431,4,610,439,333,154,456,14,6965,158,22.7,348,86,24.7%,71,14,1,0,63,9.0,12,61,45,44,0,13,0,15,2,15,45,557304,0,1,0,58,"$27,670.14",61,7,$701.76,233,6965,231,4736,1922,13,63,5423,5,429,2,24,13,8,6965,0,6,0,0,0,0,6,21,44,0,0,0,44,,,
182,PANOLA,1854,3824,140,117,88,104,0,0,0,228,195,2,262,191,168,34,228,8,5361,67,12.5,156,37,23.7%,16,1,,,26,4.8,8,23,21,23,0,10,2,2,1,12,18,193766,0,1,0,9,"$5,958.53",23,7,"$2,057.75",70,5361,1265,3719,344,6,27,4165,7,664,5,60,9,1,5361,0,5,0,0,0,0,5,20,84,0,1,0,85,,,
183,PARKER,10021,13614,273,207,90,175,5,4,1,1403,1208,9,1497,1198,1002,202,1295,15,27526,252,9.2,871,156,17.9%,62,25,1,0,92,3.3,22,87,69,67,0,21,1,11,14,26,66,967512,0,4,3,49,"$63,265.74",87,9,$865.58,372,27526,303,23186,3794,71,172,19528,39,3710,0,0,12,12,27526,0,43,1,0,0,0,44,200,17,0,1,1,19,,,
184,PARMER,802,1390,18,18,17,15,0,0,0,74,57,0,66,43,38,12,54,12,3044,22,7.2,36,9,25.0%,13,5,,,33,10.8,5,34,29,18,0,5,0,2,5,6,28,405273,1,1,1,2,"$4,300.00",34,0,$0.00,22,3044,16,1067,1955,0,6,2336,1,38,0,0,2,1,3044,0,6,0,0,0,0,6,13,15,0,0,0,15,,,
185,PECOS,1426,2075,81,65,54,60,0,0,0,150,123,3,198,129,107,53,145,12,4375,62,14.2,109,35,32.1%,14,1,,,45,10.3,13,45,32,26,0,13,0,1,3,11,32,382235,0,0,0,11,"$8,046.48",45,2,$920.21,80,4375,40,1098,3223,0,14,3393,4,319,2,24,4,2,4375,0,0,0,0,0,0,0,0,37,0,0,0,37,,,
186,POLK,3951,10748,421,318,250,239,0,0,0,589,504,4,700,527,427,91,609,32,10250,157,15.3,420,105,25.0%,72,16,,,118,11.5,33,111,73,99,0,34,6,19,20,36,72,1003217,0,3,2,33,"$20,674.89",111,16,"$4,682.80",137,10250,1316,6981,1648,127,178,7784,9,819,2,24,5,2,10250,0,15,0,0,0,0,15,58,45,0,14,0,59,,,
187,POTTER,9552,14226,703,654,543,627,29,24,7,2409,2131,26,2922,1746,1403,762,2160,50,35029,1064,30.4,1663,594,35.7%,456,127,4,0,294,8.4,71,294,248,199,0,87,17,23,29,70,249,4158926,0,17,7,312,"$284,919.04",294,233,"$52,662.10",1240,35029,3715,14197,15990,94,1033,28362,46,4254,0,0,83,36,35029,8,64,2,0,0,0,74,270,158,883,19,0,1060,,,
188,PRESIDIO,618,1219,29,31,22,29,0,0,0,46,42,0,39,31,30,8,31,0,2677,6,2.2,23,4,17.4%,20,2,,,5,1.9,2,5,3,4,0,2,0,0,0,2,3,13277,0,0,0,1,$300.00,5,0,$0.00,14,2677,3,180,2494,0,0,2113,1,19,1,12,5,1,2677,0,0,0,0,0,0,0,0,26,0,0,0,26,,,
189,RAINS,985,2459,44,44,37,49,0,0,0,94,85,0,134,101,83,28,106,3,2242,29,12.9,73,14,19.2%,7,1,,,22,9.8,8,20,15,16,0,8,0,0,2,6,13,240713,0,1,2,9,"$6,581.15",20,5,$919.86,51,2242,49,1966,204,4,19,1658,1,34,0,0,1,2,2242,0,6,0,0,0,0,6,13,25,0,0,0,25,,,
190,RANDALL,9559,13824,329,313,211,216,62,50,12,1181,1038,3,1324,842,680,332,992,144,25338,453,17.9,799,262,32.8%,123,26,2,0,403,15.9,137,386,272,305,0,156,15,20,55,84,268,3761335,2,28,8,78,"$44,161.64",386,33,"$5,217.66",457,25338,659,18851,5253,86,489,18934,47,4680,2,24,59,52,25338,2,99,3,0,0,0,104,448,89,0,11,0,100,,,
191,REAGAN,294,485,14,13,10,3,0,0,0,49,48,0,52,41,38,12,40,5,1001,11,11.0,33,8,24.2%,1,0,,,9,9.0,1,9,6,9,0,1,0,1,3,4,6,14900,0,0,0,2,"$8,000.00",9,0,$0.00,32,1001,25,298,676,0,2,791,1,60,0,0,0,0,1001,0,1,0,0,0,0,1,2,2,0,0,0,2,,,
192,REAL,246,909,16,13,9,7,0,0,0,42,32,0,33,26,24,9,24,0,591,7,11.8,19,3,15.8%,3,0,,,6,10.2,0,6,5,3,0,0,0,1,0,2,5,128330,0,0,0,0,$0.00,6,0,$0.00,13,591,4,409,175,0,3,427,5,153,0,0,1,0,591,0,1,0,0,0,0,1,3,2,0,0,0,2,,,
193,RED RIVER,1104,2907,109,87,53,60,2,1,0,147,122,1,165,113,84,38,127,10,3364,45,13.4,90,25,27.8%,18,5,,,32,9.5,11,31,17,19,0,11,0,0,0,13,17,230322,0,2,0,13,"$4,315.17",31,21,"$3,315.13",69,3364,686,2264,404,3,7,2590,2,155,4,48,11,1,3364,0,2,0,0,0,0,2,6,12,0,0,0,12,,,
194,REEVES,1019,1891,128,100,90,75,1,1,0,164,129,0,172,97,87,53,119,8,3361,74,22.0,97,40,41.2%,19,5,,,20,6.0,8,19,6,19,0,8,3,5,0,6,8,94870,0,1,0,10,"$6,473.14",19,3,$546.96,84,3361,48,338,2966,0,9,2660,3,179,3,36,0,0,3361,0,1,0,0,0,0,1,3,18,0,0,0,18,,,
195,REFUGIO,657,1506,35,29,25,27,0,0,0,73,69,0,112,69,57,43,69,0,2034,41,20.2,58,21,36.2%,23,4,,,2,1.0,2,2,2,2,0,2,0,0,0,0,2,2172,0,1,1,0,$0.00,2,4,"$2,688.38",60,2034,143,676,1196,4,15,1609,3,119,1,12,7,1,2034,0,2,0,0,0,0,2,5,41,0,0,0,41,,,
196,ROBERTS,79,203,0,0,0,0,0,0,0,4,4,0,5,3,3,2,3,0,175,2,11.4,3,1,33.3%,0,0,,,0,0.0,0,0,0,0,0,0,0,0,0,0,0,0,0,0,0,0,$0.00,0,0,$0.00,2,175,1,166,8,0,0,140,0,0,0,0,1,0,175,0,0,0,0,0,0,0,0,0,0,0,0,0,0,0,0
197,ROBERTSON,1301,2922,73,60,43,47,1,1,0,160,139,1,173,145,134,15,158,0,4456,24,5.4,107,14,13.1%,38,13,,,30,6.7,3,28,10,26,0,3,3,7,8,5,11,195768,0,0,4,12,"$15,200.00",28,1,$22.75,45,4456,1311,2055,1065,5,20,3407,4,321,3,36,4,2,4456,0,6,0,0,0,0,6,5,100,0,0,0,100,,,
198,ROCKWALL,6943,7207,123,103,74,70,0,0,0,497,427,1,446,365,242,59,387,11,20102,73,3.6,278,45,16.2%,32,7,1,0,46,2.3,15,39,21,40,0,15,3,4,3,19,20,290140,0,5,4,21,"$15,964.17",39,1,$113.10,100,20102,753,14968,4106,38,237,14172,29,3253,6,72,11,4,20102,0,21,0,0,0,0,21,49,116,0,195,5,316,,,
199,RUNNELS,871,2112,120,106,78,51,1,0,0,121,97,1,140,91,89,37,103,8,2847,43,15.1,76,23,30.3%,14,5,,,37,13.0,10,38,26,26,0,11,4,3,2,9,23,300348,1,1,0,3,"$1,272.96",38,6,$665.49,70,2847,32,1493,1303,2,17,2209,5,175,3,36,6,2,2847,0,3,0,0,0,0,3,6,20,0,0,0,20,,,
200,RUSK,4009,7985,229,172,111,134,0,0,0,529,455,3,597,429,396,77,520,19,11716,148,12.6,358,98,27.4%,47,7,1,0,67,5.7,28,69,36,52,0,29,9,8,6,13,35,416862,0,3,2,39,"$25,943.89",69,13,"$5,916.70",155,11716,2299,7010,2338,9,60,9041,10,708,6,72,9,5,11716,0,16,0,0,0,0,16,59,62,0,85,0,147,,,
201,SABINE,798,3105,77,69,63,67,2,2,1,108,93,2,115,105,81,5,110,0,2050,9,4.4,75,6,8.0%,11,3,,,3,1.5,0,3,3,3,0,0,0,1,0,2,3,60290,0,1,0,3,"$1,360.00",3,0,$0.00,11,2050,251,1705,87,2,5,1585,2,180,0,0,1,0,2050,0,1,0,0,0,0,1,6,12,0,0,0,12,,,
202,SAN AUGUSTINE,734,2086,60,54,49,43,2,1,0,60,52,0,73,56,46,9,64,1,2079,11,5.3,41,8,19.5%,3,1,,,4,1.9,1,4,1,4,0,1,0,0,0,4,1,1136,0,4,0,4,$999.65,4,0,$0.00,14,2079,856,1091,126,0,6,1633,4,158,1,12,1,0,2079,0,10,0,0,0,0,10,49,51,0,34,0,85,,,
203,SAN JACINTO,1999,4733,197,174,139,120,0,0,0,356,322,1,390,296,244,54,336,23,5484,86,15.7,224,48,21.4%,49,9,,,67,12.2,29,63,49,57,0,29,3,5,7,19,50,739984,2,1,0,15,"$11,759.80",63,10,$856.03,73,5484,921,4157,359,6,41,4052,2,137,0,0,6,0,5484,0,7,0,0,0,0,7,25,21,0,0,0,21,,,
204,SAN PATRICIO,5703,7969,293,252,148,154,6,5,1,1027,967,9,1492,960,796,545,947,18,21629,489,22.6,826,260,31.5%,266,66,1,0,79,3.7,24,71,54,60,0,23,1,6,16,26,50,705190,0,3,3,27,"$38,261.92",71,91,"$21,015.29",786,21629,702,7433,13274,14,206,16727,31,2091,3,36,24,3,21629,0,25,2,0,1,0,28,217,337,0,22,0,359,,,
205,SAN SABA,469,1288,18,12,7,4,0,0,0,48,39,0,58,33,32,16,42,0,1386,24,17.3,37,15,40.5%,8,0,,,18,13.0,0,18,15,9,0,0,0,0,7,2,14,328923,0,0,0,8,"$9,232.40",18,0,$0.00,36,1386,3,903,476,2,2,1077,1,31,1,12,2,3,1386,1,10,1,0,0,0,12,121,11,0,0,0,11,,,
206,SCHLEICHER,251,580,9,8,7,8,0,0,0,22,21,0,218,90,43,182,36,1,740,118,159.5,65,30,46.2%,5,1,,,9,12.2,0,5,1,9,0,0,0,1,3,5,2,26011,0,0,0,2,"$5,000.00",5,0,$0.00,420,740,4,266,466,0,4,591,1,20,1,12,0,0,740,0,0,0,0,0,0,0,0,4,0,0,0,4,,,
207,SCURRY,1307,2521,79,69,52,68,0,0,0,253,222,2,300,211,169,87,213,4,4025,68,16.9,168,46,27.4%,37,12,2,0,23,5.7,5,20,18,21,0,5,0,5,6,8,19,189457,0,3,1,8,"$7,629.00",20,5,$669.36,125,4025,156,2158,1699,1,11,3154,4,353,1,12,2,1,4025,0,10,0,0,0,0,10,32,42,0,0,0,42,,,
208,SHACKELFORD,260,624,30,23,20,15,0,0,0,48,38,0,66,45,42,18,48,0,800,16,20.0,33,5,15.2%,5,0,,,2,2.5,0,2,1,2,0,1,0,0,1,0,0,0,0,0,0,1,"$5,000.00",2,0,$0.00,19,800,3,704,93,0,0,621,1,51,0,0,2,1,800,0,4,0,0,0,0,4,14,1,0,0,0,1,,,
209,SHELBY,2033,4392,174,142,132,167,0,0,0,308,265,2,354,289,256,33,321,12,6937,47,6.8,191,34,17.8%,40,6,,,52,7.5,16,51,36,33,0,16,4,0,5,9,37,452593,1,2,1,33,"$57,319.32",51,7,$609.28,39,6937,1603,3750,1560,4,20,5407,5,288,0,0,1,1,6937,1,26,0,0,0,0,27,129,66,0,3,0,69,,,
210,SHERMAN,258,534,7,6,6,7,0,0,0,14,12,0,28,21,20,0,28,1,809,6,7.4,10,2,20.0%,3,0,,,7,8.7,1,5,5,4,0,1,0,0,3,0,2,65655,0,1,1,0,$0.00,5,0,$0.00,2,809,3,509,291,2,4,584,1,51,0,0,1,1,809,0,3,0,0,0,0,3,6,4,0,1,0,5,,,
211,SMITH,15469,28358,1023,837,648,779,33,33,6,1969,1531,12,2237,1672,1452,307,1930,98,51094,517,10.1,1363,331,24.3%,109,12,4,0,330,6.5,119,333,227,267,0,127,21,49,16,90,223,2941830,4,18,9,219,"$158,247.61",333,18,"$6,402.11",497,51094,10439,25610,14252,105,688,39428,90,8451,7,84,58,13,51094,9,126,2,0,3,1,141,639,396,0,107,0,503,,,
212,SOMERVELL,712,1176,7,7,5,8,0,0,0,82,68,0,83,55,40,15,68,0,2124,26,12.2,52,17,32.7%,17,6,,,4,1.9,2,4,4,4,0,2,0,2,0,0,4,30720,0,0,0,8,"$16,786.00",4,2,$130.00,24,2124,11,1567,535,2,9,1575,5,334,1,0,3,1,2124,0,2,0,0,0,1,3,12,48,0,0,0,48,,,
213,STARR,4749,5845,253,202,101,132,0,0,0,447,415,6,670,406,369,248,422,18,23950,245,10.2,377,142,37.7%,156,32,1,0,92,3.8,35,94,79,57,0,37,5,0,1,25,80,929421,1,2,1,19,"$13,755.21",94,24,$905.59,443,23950,0,277,23609,11,53,18934,27,1533,4,48,14,8,23950,0,9,0,0,0,0,9,50,60,0,0,0,60,,,
214,STEPHENS,753,1768,76,59,41,42,0,0,0,148,128,3,168,130,122,29,139,13,2396,38,15.9,92,19,20.7%,25,10,1,0,23,9.6,12,23,17,20,0,13,0,1,1,6,17,113999,0,1,0,0,$0.00,23,2,$72.96,48,2396,41,1617,736,1,1,1870,4,254,1,12,8,1,2396,0,5,0,0,0,0,5,17,15,0,0,0,15,,,
215,STERLING,126,252,3,3,2,0,0,0,0,12,8,0,18,18,18,0,18,0,296,0,0.0,7,0,0.0%,0,0,,,0,0.0,0,0,0,0,0,0,0,0,0,0,0,0,0,0,0,0,$0.00,0,0,$0.00,2,296,1,167,128,0,0,216,0,0,1,12,2,0,296,0,1,0,0,0,0,1,4,1,0,0,0,1,,,
216,STONEWALL,126,429,13,9,6,8,0,0,0,10,6,0,7,4,3,4,3,0,338,2,5.9,4,1,25.0%,2,2,,,0,0.0,0,0,0,0,0,0,0,0,0,0,0,0,0,0,0,1,$426.32,0,0,$0.00,5,338,6,264,68,0,0,261,1,36,1,12,0,0,338,0,1,0,0,0,0,1,4,4,0,0,0,4,,,
217,SUTTON,367,710,21,19,18,19,0,0,0,57,50,0,56,42,42,14,42,2,1135,11,9.7,36,6,16.7%,5,0,,,6,5.3,2,6,2,6,0,2,0,0,2,2,2,7199,1,0,0,0,$0.00,6,0,$0.00,33,1135,2,412,719,0,2,880,2,63,1,12,2,1,1135,0,1,0,0,0,0,1,6,6,0,0,0,6,,,
218,SWISHER,642,1384,34,24,21,39,0,0,0,77,69,0,122,103,100,7,115,0,2354,14,5.9,61,11,18.0%,21,9,,,21,8.9,0,21,20,3,0,0,1,1,0,1,24,398424,0,0,0,0,$0.00,21,0,$0.00,30,2354,130,1069,1153,2,0,1902,2,200,0,0,4,2,2354,0,5,0,0,0,0,5,25,5,0,0,0,5,,,
219,TARRANT,143928,145713,4092,3094,1664,1405,237,221,32,19659,17017,138,21238,14529,9723,4228,17010,450,474768,6030,12.7,12476,3545,28.4%,1561,350,13,0,1966,4.1,591,1892,1565,1471,25,596,80,237,282,430,1520,18840832,13,87,34,903,"$797,321.00",1892,213,"$62,375.71",7002,474768,73053,204266,169725,1511,26213,371772,656,70652,83,992,444,820,474768,35,712,5,0,0,1,753,2449,1219,856,290,412,2777,,,
220,TAYLOR,10209,15873,1415,1222,968,758,531,453,108,1923,1704,15,2392,1624,1445,619,1773,64,33995,679,20.0,1348,392,29.1%,310,81,2,0,238,7.0,80,230,171,186,0,89,7,31,21,59,171,2255434,1,25,1,222,"$243,734.53",230,49,"$5,147.10",743,33995,3214,19955,9781,66,979,27664,56,5360,2,24,61,51,33995,8,80,4,0,1,0,93,393,350,0,181,0,531,,,
221,TERRELL,91,288,3,4,3,3,0,0,0,5,3,0,4,2,2,0,4,0,178,2,11.2,3,2,66.7%,0,0,,,3,16.9,3,3,0,3,0,3,0,0,0,0,0,0,0,0,0,0,$0.00,3,0,$0.00,0,178,0,79,94,4,1,118,0,0,0,0,0,0,178,0,0,0,0,0,0,0,0,2,0,0,0,2,,,
222,TERRY,1021,1960,61,70,61,172,0,0,0,183,159,2,196,124,111,48,148,9,3623,70,19.3,115,41,35.7%,24,9,,,41,11.3,10,42,30,25,0,10,0,4,5,7,32,359090,0,2,0,3,$65.00,42,1,$35.00,66,3623,143,1269,2191,1,19,2914,2,172,2,24,5,3,3623,0,5,0,0,0,0,5,18,48,0,0,0,48,,,
223,THROCKMORTON,134,482,9,8,5,10,0,0,0,13,12,0,22,18,15,5,17,0,383,3,7.8,14,2,14.3%,2,0,,,1,2.6,0,2,2,0,0,0,0,0,0,0,1,7826,0,0,0,0,$0.00,2,0,$0.00,5,383,0,316,66,0,1,289,0,0,0,0,1,1,383,0,0,0,0,0,0,0,0,2,0,3,0,5,,,
224,TITUS,2338,3969,96,84,69,141,1,1,0,343,277,5,416,252,218,113,303,47,9387,152,16.2,239,86,36.0%,57,10,1,0,110,11.7,51,106,51,89,0,54,2,10,1,30,54,581085,0,1,0,39,"$29,681.39",106,128,"$16,125.84",179,9387,924,3703,4673,19,68,7329,8,1159,0,0,14,2,9387,0,3,0,0,0,0,3,14,19,0,0,0,19,,,
225,TOM GREEN,8094,14280,1192,981,848,989,901,849,58,1525,1359,12,1738,1174,1035,447,1291,79,25926,516,19.9,1085,326,30.0%,188,39,2,0,424,16.4,97,418,285,259,0,96,10,59,51,52,280,3784066,1,10,0,230,"$282,275.60",418,50,"$9,926.51",850,25926,1253,11944,12320,44,365,20567,50,4768,4,48,49,27,25926,1,30,3,0,0,0,34,208,372,0,144,0,516,,,
226,TRAVIS,78868,64937,3227,2688,1734,1694,905,1026,99,11956,8974,58,10786,8708,7681,1084,9702,228,218088,1777,8.1,6341,1117,17.6%,823,173,5,0,1233,5.7,369,1218,868,985,0,372,32,187,254,277,843,11775678,3,28,40,869,"$1,381,571.08",1218,143,"$45,075.09",1958,218088,23360,81335,101250,415,11728,176564,460,42907,42,504,242,194,218088,26,353,5,1,4,0,389,1338,799,1433,222,0,2454,,,
227,TRINITY,1112,3801,178,142,128,221,0,0,0,191,161,4,246,185,169,31,215,12,3115,58,18.6,144,33,22.9%,45,8,,,43,13.8,15,43,32,27,0,15,0,3,3,8,32,298565,0,0,3,13,"$7,434.33",43,1,$27.00,37,3115,602,2149,339,4,21,2444,5,339,0,0,0,0,3115,0,6,0,0,0,0,6,14,7,0,0,0,7,,,
228,TYLER,1675,4389,192,160,120,162,0,0,0,249,206,1,304,253,229,12,292,4,4714,41,8.7,176,31,17.6%,25,9,,,19,4.0,6,15,13,13,0,6,1,1,0,6,13,171739,0,6,6,20,"$10,934.08",15,1,$237.21,32,4714,619,3942,130,5,18,3571,5,282,3,36,2,0,4714,0,18,1,0,1,0,20,96,31,0,0,0,31,,,
229,UPSHUR,3054,6209,204,184,133,184,1,1,0,518,410,3,603,449,360,123,480,33,9084,143,15.7,343,74,21.6%,40,9,,,101,11.1,47,96,57,93,0,62,3,11,3,39,57,379540,1,2,5,57,"$36,396.59",96,45,"$4,726.67",190,9084,971,7061,964,15,73,6894,7,487,3,36,17,0,9084,0,19,0,0,0,0,19,76,76,0,0,0,76,,,
230,UPTON,293,661,25,20,14,4,0,0,0,52,38,0,63,40,33,22,41,0,871,23,26.4,38,13,34.2%,5,1,,,11,12.6,0,11,6,7,0,0,2,0,0,5,6,105461,1,1,0,1,"$1,140.00",11,4,"$1,897.68",22,871,5,330,534,2,0,675,1,20,0,0,1,0,871,0,2,0,0,0,0,2,6,3,0,0,0,3,,,
231,UVALDE,2109,3652,98,99,42,31,4,2,0,313,249,5,270,209,202,58,212,12,8709,58,6.7,162,31,19.1%,42,8,,,93,10.7,17,87,40,52,1,15,0,7,14,17,39,831270,0,1,2,8,"$11,783.02",87,25,"$3,047.84",84,8709,19,1616,7024,4,46,6897,16,1183,2,24,7,1,8709,0,7,0,0,0,0,7,19,85,0,0,0,85,,,
232,VAL VERDE,3823,6033,204,184,140,95,11,5,0,337,283,4,407,331,303,66,341,17,15177,67,4.4,207,34,16.4%,61,11,1,0,52,3.4,20,50,33,32,0,22,1,3,1,8,31,499372,0,2,1,7,"$5,212.50",50,4,$90.00,89,15177,156,2217,12670,15,119,12012,16,1253,2,24,17,5,15177,1,17,0,0,0,0,18,44,463,0,0,128,591,,,
233,VAN ZANDT,4189,10009,285,237,179,218,0,0,0,620,512,5,673,434,361,148,525,42,12527,213,17.0,399,123,30.8%,81,22,,,147,11.7,69,137,98,128,0,69,3,18,19,32,93,723559,0,10,5,62,"$77,203.28",137,22,"$5,917.34",225,12527,398,10347,1690,12,80,9383,14,1366,4,48,18,2,12527,0,40,0,0,0,0,40,148,27,0,0,0,27,,,
234,VICTORIA,7121,10580,413,338,221,214,7,5,0,1239,1032,7,1356,1051,855,245,1111,28,24213,265,10.9,765,160,20.9%,126,25,1,0,196,8.1,30,190,154,136,0,31,23,35,30,28,153,2203655,6,20,3,36,"$31,157.08",190,52,"$10,173.64",390,24213,1647,8666,13631,17,252,19240,43,3434,25,298,29,12,24213,3,44,1,0,1,0,49,265,545,0,0,0,545,,,
235,WALKER,5626,6620,162,142,100,64,1,1,0,355,298,0,418,287,229,94,324,19,11422,118,10.3,254,70,27.6%,61,14,,,92,8.1,26,92,55,56,0,31,1,4,4,29,57,809801,0,11,2,10,"$7,017.76",92,2,$72.96,135,11422,2877,6016,2349,7,173,8837,24,2264,0,0,28,3,11422,0,16,1,0,2,0,19,331,12,0,28,0,40,,,
236,WALLER,3647,3411,121,108,79,64,0,0,0,300,254,2,343,265,218,90,253,15,10416,69,6.6,196,45,23.0%,17,3,,,65,6.2,30,70,29,57,0,30,4,5,17,6,30,321515,0,0,9,41,"$24,112.90",70,10,"$5,488.20",130,10416,2242,4419,3692,8,55,7902,17,997,1,12,10,6,10416,0,22,0,0,0,0,22,34,2,0,28,0,30,,,
237,WARD,909,1766,97,65,53,41,0,0,0,162,127,1,202,128,101,62,140,4,2928,65,22.2,123,42,34.1%,8,1,1,0,15,5.1,10,14,12,13,0,10,0,2,0,2,13,137853,0,0,0,11,"$5,447.33",14,10,"$2,234.61",94,2928,130,1273,1506,1,18,2288,3,198,1,12,6,0,2928,0,0,0,0,0,0,0,0,5,0,0,0,5,,,
238,WASHINGTON,2629,5274,92,83,56,51,254,248,29,239,216,4,259,200,171,33,226,3,7365,53,7.2,160,36,22.5%,22,2,1,0,27,3.7,4,30,25,15,0,4,1,3,3,5,24,283722,2,1,2,9,"$5,742.00",30,0,$0.00,92,7365,1760,4062,1400,9,134,5704,11,1304,3,36,11,8,7365,0,6,1,0,0,0,7,38,139,0,20,0,159,,,
239,WEBB,18624,17899,683,561,324,553,30,27,4,2326,2158,15,3404,2498,2205,1083,2321,46,89801,791,8.8,1867,427,22.9%,707,125,4,0,507,5.6,102,497,388,338,0,111,27,74,15,143,388,4815257,2,8,5,203,"$100,138.00",497,172,"$21,300.39",1907,89801,66,2561,86544,77,553,73020,90,6351,34,407,377,39,89801,3,88,2,0,0,0,93,430,458,0,177,49,684,,,
240,WHARTON,3529,5884,140,120,99,78,8,7,0,344,269,3,361,262,207,92,269,5,11437,79,6.9,216,49,22.7%,23,4,,,40,3.5,24,37,21,33,0,24,0,2,2,7,20,123899,1,4,0,22,"$9,451.75",37,12,"$4,275.23",165,11437,1884,4276,5219,3,55,8789,17,1819,2,24,37,4,11437,0,12,0,0,0,0,12,39,222,0,59,0,281,,,
241,WHEELER,392,1038,9,12,10,11,0,0,0,35,31,0,56,46,37,12,44,0,1095,9,8.2,29,5,17.2%,6,0,,,14,12.8,0,13,12,6,0,1,0,2,1,3,12,184217,0,0,0,3,"$1,800.00",13,0,$0.00,18,1095,56,761,264,6,8,831,1,102,1,12,1,0,1095,0,1,0,0,0,0,1,4,20,0,0,0,20,,,
242,WICHITA,9738,16213,1463,1235,1024,1109,353,356,34,1908,1600,16,2154,1476,1304,550,1604,80,31130,619,19.9,1293,382,29.5%,286,96,3,0,279,9.0,71,262,221,207,0,77,15,24,32,87,220,2828594,0,21,6,85,"$89,560.92",262,26,"$1,385.26",817,31130,4259,19000,6796,121,954,24352,49,3819,24,288,32,50,31130,4,40,1,0,0,1,46,140,709,0,225,0,934,,,
243,WILBARGER,1143,2303,178,146,123,117,483,440,25,217,188,2,284,205,173,64,220,0,3645,75,20.6,161,42,26.1%,39,5,1,0,29,8.0,2,29,21,23,0,2,2,4,9,9,21,332130,0,1,0,6,"$5,002.40",29,6,$297.47,99,3645,346,2059,1192,12,36,2845,8,465,2,24,6,8,3645,0,2,0,0,0,0,2,6,41,0,28,0,69,,,
244,WILLACY,1672,2450,141,97,75,82,1,1,0,261,248,1,424,265,213,118,306,6,6641,144,21.7,199,64,32.2%,86,25,,,88,13.3,15,83,76,74,0,15,27,3,2,34,79,1039324,1,0,0,8,"$6,710.30",83,10,$797.98,225,6641,20,362,6247,0,12,5246,8,563,3,36,7,8,6641,0,3,0,0,0,0,3,11,129,0,0,0,129,,,
245,WILLIAMSON,32394,34130,773,470,363,395,23,25,7,3444,2562,17,2903,2066,1789,479,2424,134,102401,743,7.3,1848,471,25.5%,204,25,7,0,547,5.3,179,522,389,415,0,182,15,91,38,123,377,4704688,1,21,28,109,"$130,179.49",522,74,"$23,839.11",766,102401,6900,64067,27988,169,3277,75897,206,23958,52,617,190,119,102401,5,264,3,0,1,1,274,1046,431,0,30,0,461,,,
246,WILSON,3840,4967,117,98,62,73,4,1,0,353,269,1,328,247,212,51,277,6,11127,68,6.1,191,41,21.5%,45,12,,,14,1.3,6,13,9,10,0,6,0,1,1,4,10,127997,0,5,0,0,$0.00,13,1,$22.50,75,11127,74,5993,5000,6,54,8072,14,1126,1,12,15,6,11127,0,32,0,0,0,0,32,121,76,0,10,1,87,,,
247,WINKLER,600,1116,35,29,24,21,0,0,0,77,67,0,89,61,49,26,63,6,1962,28,14.3,55,14,25.5%,13,7,,,16,8.2,6,12,5,14,0,6,0,1,0,7,5,100599,0,2,0,4,"$3,080.00",12,0,$0.00,38,1962,32,758,1167,0,5,1533,1,65,1,12,3,2,1962,0,2,0,0,0,0,2,3,5,0,0,0,5,,,
248,WISE,4852,7073,190,134,65,63,0,0,0,635,563,5,722,539,408,184,538,7,15671,167,10.7,437,98,22.4%,75,11,,,58,3.7,20,53,42,50,0,20,3,3,6,19,42,549590,1,2,1,50,"$17,441.61",53,3,$632.56,278,15671,102,12135,3316,24,94,11609,25,1454,0,0,17,9,15671,0,19,0,0,0,0,19,45,79,0,1,0,80,,,
249,WOOD,3184,10750,237,184,125,147,0,0,0,418,337,3,438,278,225,110,328,47,7941,150,18.9,265,88,33.2%,48,3,1,0,118,14.9,44,119,72,105,0,47,5,17,4,40,70,893959,0,4,2,49,"$35,588.69",119,18,"$2,705.20",141,7941,372,6388,1141,9,31,6040,10,544,2,24,12,2,7941,0,18,1,0,0,0,19,106,15,0,0,0,15,,,
250,YOAKUM,631,1016,10,13,12,22,0,0,0,54,43,0,68,47,47,7,61,6,2299,18,7.8,39,7,17.9%,10,6,,,26,11.3,0,26,18,16,0,0,7,2,5,2,19,165624,0,2,0,0,$0.00,26,0,$0.00,28,2299,17,841,1439,2,0,1850,2,68,2,24,2,1,2299,0,2,0,0,0,0,2,3,4,0,0,0,4,,,
251,YOUNG,1352,3544,239,220,173,202,0,1,0,292,261,2,315,222,195,90,225,8,4257,78,18.3,192,52,27.1%,33,13,,,31,7.3,7,29,18,22,0,7,1,0,0,15,18,153722,1,8,2,11,"$3,933.75",29,5,$395.19,114,4257,59,3236,938,6,18,3292,10,528,2,24,5,6,4257,0,12,0,0,0,0,12,20,32,0,0,0,32,,,
252,ZAPATA,1197,2100,59,43,24,52,0,0,0,194,183,0,270,170,144,110,160,1,4807,87,18.1,150,52,34.7%,32,8,,,57,11.9,13,56,46,38,0,13,6,0,1,18,46,476122,1,0,0,24,"$3,196.03",56,9,"$1,118.33",228,4807,5,143,4653,0,6,3714,4,239,0,0,10,0,4807,0,3,0,0,0,0,3,18,77,0,0,0,77,,,
253,ZAVALA,966,1485,50,51,27,22,0,0,0,151,124,0,159,108,97,28,131,4,3867,40,10.3,84,23,27.4%,20,1,1,0,50,12.9,8,43,27,37,0,8,6,6,0,17,29,494783,0,2,0,5,"$1,814.00",43,2,$45.00,46,3867,12,188,3665,0,2,2969,10,585,0,0,4,0,3867,0,2,0,0,0,0,2,4,92,0,0,0,92,,,
254,UNKNOWN,0,0,71,42,27,8,0,20,7,49,67,0,7,0,0,4,3,1,0,6,0.0,3,3,100.0%,3,0,,,0,0.0,0,0,0,,,,,,,,7,40483,0,0,0,0,$0.00,0,0,$0.00,0,,,,,,,0,0,0,0,0,0,1,,,,,,,,,,0,0,0,0,0,0,0,0
255,OUT OF STATE,0,0,0,0,0,34,1,0,0,749,0,0,36,22,8,1,35,0,0,14,0.0,29,12,41.4%,,,,,0,0.0,0,0,0,86,0,3,0,0,0****,1,,,3,17,22,,,,,,,,,,,,,,,,,,,,0,0,43,0,0,0,0,43,53,5,0,0,0,5,,,
256,STATE TOTAL,2003693,2457917,89489,72265,50936,56514,10368,9730,1049,252594,213332,2060,283922,207055,168713,57302,226620,9037,6510210,68326,10.5,165444,40126,24.3%,34030,6489,,,40840,6.3,12107,39733,"27,422*",30346,65,12636,1506,5003,4859,9896,26858,343704262,254,1527,938,17476,"$15,897,234.35",39733,6224,"$1,357,805.67",95683,6510210,769134,2432267,3066711,12749,229349,5083816,9342,930060,1617,19276,7305,6700,6510210,334,9761,150,14,89,13,10361,43107,29406,19390,6551,1655,57002,,,
